Country,Code,Year,percent_30
Albania,ALB,1996,99.91247
Albania,ALB,2002,99.63838
Albania,ALB,2005,99.434456
Albania,ALB,2008,99.01586
Albania,ALB,2012,99.6183
Albania,ALB,2014,99.12649
Albania,ALB,2015,98.22969
Albania,ALB,2016,97.88664
Albania,ALB,2017,98.27504
Albania,ALB,2018,98.34705
Albania,ALB,2019,97.49836
Albania,ALB,2020,97.8695
Algeria,DZA,1988,99.02948
Algeria,DZA,1995,99.65751
Algeria,DZA,2011,99.38888
Angola,AGO,2000,99.077644
Angola,AGO,2008,99.710625
Angola,AGO,2018,99.65406
Argentina (urban),,1980,77.23707
Argentina (urban),,1986,75.18247
Argentina (urban),,1987,79.04476
Argentina (urban),,1991,89.4757
Argentina (urban),,1992,87.66575
Argentina (urban),,1993,88.143745
Argentina (urban),,1994,88.410736
Argentina (urban),,1995,88.70018
Argentina (urban),,1996,88.64941
Argentina (urban),,1997,87.689316
Argentina (urban),,1998,88.31415
Argentina (urban),,1999,89.31036
Argentina (urban),,2000,89.45437
Argentina (urban),,2001,90.598976
Argentina (urban),,2002,95.013176
Argentina (urban),,2003,91.453354
Argentina (urban),,2004,90.04267
Argentina (urban),,2005,88.65684
Argentina (urban),,2006,86.1734
Argentina (urban),,2007,85.47785
Argentina (urban),,2008,84.454926
Argentina (urban),,2009,83.293274
Argentina (urban),,2010,82.832924
Argentina (urban),,2011,80.71915
Argentina (urban),,2012,80.75164
Argentina (urban),,2013,80.91325
Argentina (urban),,2014,83.02116
Argentina (urban),,2016,82.17017
Argentina (urban),,2017,80.481155
Argentina (urban),,2018,84.277306
Argentina (urban),,2019,84.73381
Argentina (urban),,2020,88.500114
Argentina (urban),,2021,87.13437
Argentina (urban),,2022,88.28227
Armenia,ARM,1999,99.632935
Armenia,ARM,2001,99.73056
Armenia,ARM,2002,99.6556
Armenia,ARM,2003,99.58402
Armenia,ARM,2004,99.035355
Armenia,ARM,2005,98.76931
Armenia,ARM,2006,99.67619
Armenia,ARM,2007,99.43184
Armenia,ARM,2008,99.63914
Armenia,ARM,2009,99.82692
Armenia,ARM,2010,99.662
Armenia,ARM,2011,99.59022
Armenia,ARM,2012,99.31822
Armenia,ARM,2013,99.60308
Armenia,ARM,2014,98.961945
Armenia,ARM,2015,98.59429
Armenia,ARM,2016,99.49424
Armenia,ARM,2017,98.79664
Armenia,ARM,2018,98.26598
Armenia,ARM,2019,99.481674
Armenia,ARM,2020,99.796555
Armenia,ARM,2021,99.52315
Armenia,ARM,2022,99.69465
Australia,AUS,1981,52.493866
Australia,AUS,1985,51.33741
Australia,AUS,1989,49.746597
Australia,AUS,1995,55.249382
Australia,AUS,2001,46.730442
Australia,AUS,2003,44.494614
Australia,AUS,2004,38.74769
Australia,AUS,2008,26.335821
Australia,AUS,2010,25.003914
Australia,AUS,2014,20.237865
Australia,AUS,2016,21.244474
Australia,AUS,2018,20.245657
Austria,AUT,1994,28.682964
Austria,AUT,1995,28.222025
Austria,AUT,1996,31.246286
Austria,AUT,1997,30.97746
Austria,AUT,1998,30.987633
Austria,AUT,1999,28.172201
Austria,AUT,2000,28.243341
Austria,AUT,2003,24.444294
Austria,AUT,2004,21.72156
Austria,AUT,2005,22.97081
Austria,AUT,2006,22.302673
Austria,AUT,2007,21.687937
Austria,AUT,2008,20.198292
Austria,AUT,2009,19.75209
Austria,AUT,2010,18.336323
Austria,AUT,2011,20.15908
Austria,AUT,2012,19.980898
Austria,AUT,2013,18.162584
Austria,AUT,2014,19.34046
Austria,AUT,2015,19.588734
Austria,AUT,2016,17.167873
Austria,AUT,2017,17.191162
Austria,AUT,2018,17.549404
Austria,AUT,2019,15.64433
Austria,AUT,2020,14.992562
Austria,AUT,2021,16.495848
Azerbaijan,AZE,1995,99.66862
Azerbaijan,AZE,2001,98.78965
Azerbaijan,AZE,2002,99.0254
Azerbaijan,AZE,2003,98.85893
Azerbaijan,AZE,2004,98.53247
Azerbaijan,AZE,2005,98.26106
Bangladesh,BGD,1983,99.999985
Bangladesh,BGD,1985,99.999985
Bangladesh,BGD,1988,99.999985
Bangladesh,BGD,1991,99.98792
Bangladesh,BGD,1995,99.91299
Bangladesh,BGD,2000,99.96514
Bangladesh,BGD,2005,99.92
Bangladesh,BGD,2010,99.876366
Bangladesh,BGD,2016,99.82553
Bangladesh,BGD,2022,99.714264
Belarus,BLR,1998,99.87555
Belarus,BLR,1999,99.936874
Belarus,BLR,2000,99.853096
Belarus,BLR,2001,99.71477
Belarus,BLR,2002,99.6195
Belarus,BLR,2003,99.77162
Belarus,BLR,2004,99.69986
Belarus,BLR,2005,98.98844
Belarus,BLR,2006,98.31173
Belarus,BLR,2007,96.479645
Belarus,BLR,2008,96.53056
Belarus,BLR,2009,96.2069
Belarus,BLR,2010,93.04539
Belarus,BLR,2011,93.98768
Belarus,BLR,2012,91.34087
Belarus,BLR,2013,87.78699
Belarus,BLR,2014,85.89526
Belarus,BLR,2015,89.79243
Belarus,BLR,2016,91.51765
Belarus,BLR,2017,90.1639
Belarus,BLR,2018,87.613655
Belarus,BLR,2019,85.25434
Belarus,BLR,2020,85.27942
Belgium,BEL,1985,57.99989
Belgium,BEL,1988,54.474026
Belgium,BEL,1992,45.96173
Belgium,BEL,1995,33.69402
Belgium,BEL,1997,33.48033
Belgium,BEL,2000,27.243435
Belgium,BEL,2003,29.387093
Belgium,BEL,2004,26.92396
Belgium,BEL,2005,25.63644
Belgium,BEL,2006,25.64585
Belgium,BEL,2007,25.385983
Belgium,BEL,2008,23.106789
Belgium,BEL,2009,22.519957
Belgium,BEL,2010,22.965414
Belgium,BEL,2011,24.911438
Belgium,BEL,2012,22.578556
Belgium,BEL,2013,22.712751
Belgium,BEL,2014,22.776083
Belgium,BEL,2015,21.965977
Belgium,BEL,2016,22.20225
Belgium,BEL,2017,20.724981
Belgium,BEL,2018,19.241402
Belgium,BEL,2019,17.555716
Belgium,BEL,2020,15.616422
Belgium,BEL,2021,14.988749
Belize,BLZ,1993,95.5478
Belize,BLZ,1994,95.93818
Belize,BLZ,1996,96.52743
Belize,BLZ,1997,97.19346
Belize,BLZ,1998,96.43439
Belize,BLZ,1999,95.87815
Benin,BEN,2003,99.86903
Benin,BEN,2011,99.91557
Benin,BEN,2015,99.87611
Benin,BEN,2018,99.715385
Benin,BEN,2021,99.729805
Bhutan,BTN,2003,99.266365
Bhutan,BTN,2007,99.47355
Bhutan,BTN,2012,98.141266
Bhutan,BTN,2017,98.80505
Bhutan,BTN,2022,97.174675
Bolivia,BOL,1997,94.9908
Bolivia,BOL,1999,95.73417
Bolivia,BOL,2000,96.00191
Bolivia,BOL,2001,96.292755
Bolivia,BOL,2002,95.97336
Bolivia,BOL,2004,95.06991
Bolivia,BOL,2005,93.99991
Bolivia,BOL,2006,93.562805
Bolivia,BOL,2007,94.44724
Bolivia,BOL,2008,94.25415
Bolivia,BOL,2009,94.22749
Bolivia,BOL,2011,92.708
Bolivia,BOL,2012,92.1798
Bolivia,BOL,2013,90.51455
Bolivia,BOL,2014,90.98836
Bolivia,BOL,2015,91.85142
Bolivia,BOL,2016,92.39445
Bolivia,BOL,2017,91.86005
Bolivia,BOL,2018,92.86494
Bolivia,BOL,2019,92.55256
Bolivia,BOL,2020,92.15411
Bolivia,BOL,2021,92.3877
Bolivia (urban),,1990,97.893135
Bolivia (urban),,1992,97.58938
Bosnia and Herzegovina,BIH,2001,97.56264
Bosnia and Herzegovina,BIH,2004,86.48845
Bosnia and Herzegovina,BIH,2007,82.686226
Bosnia and Herzegovina,BIH,2011,84.76715
Botswana,BWA,1985,98.99336
Botswana,BWA,1993,98.78039
Botswana,BWA,2002,94.303856
Botswana,BWA,2009,94.40317
Botswana,BWA,2015,96.72323
Brazil,BRA,1981,95.437035
Brazil,BRA,1982,95.25327
Brazil,BRA,1983,96.443054
Brazil,BRA,1984,96.47027
Brazil,BRA,1985,96.31982
Brazil,BRA,1986,90.60857
Brazil,BRA,1987,93.395775
Brazil,BRA,1988,93.3175
Brazil,BRA,1989,91.78149
Brazil,BRA,1990,94.19761
Brazil,BRA,1992,97.00281
Brazil,BRA,1993,94.53728
Brazil,BRA,1995,91.171936
Brazil,BRA,1996,91.22629
Brazil,BRA,1997,91.35107
Brazil,BRA,1998,91.17734
Brazil,BRA,1999,91.86882
Brazil,BRA,2001,90.43404
Brazil,BRA,2002,90.34548
Brazil,BRA,2003,90.94193
Brazil,BRA,2004,91.01682
Brazil,BRA,2005,90.598236
Brazil,BRA,2006,89.69461
Brazil,BRA,2007,89.29386
Brazil,BRA,2008,88.50018
Brazil,BRA,2009,88.03189
Brazil,BRA,2011,87.01432
Brazil,BRA,2012,85.49086
Brazil,BRA,2013,84.552315
Brazil,BRA,2014,83.82405
Brazil,BRA,2015,84.54147
Brazil,BRA,2016,84.52408
Brazil,BRA,2017,84.6278
Brazil,BRA,2018,83.82672
Brazil,BRA,2019,83.59496
Brazil,BRA,2020,84.72934
Brazil,BRA,2021,85.881454
Brazil,BRA,2022,83.16603
Bulgaria,BGR,1992,87.82321
Bulgaria,BGR,2006,98.074684
Bulgaria,BGR,2007,93.08623
Bulgaria,BGR,2008,91.77867
Bulgaria,BGR,2009,91.33074
Bulgaria,BGR,2010,92.256615
Bulgaria,BGR,2011,94.03494
Bulgaria,BGR,2012,93.05868
Bulgaria,BGR,2013,89.77344
Bulgaria,BGR,2014,88.37259
Bulgaria,BGR,2015,88.78212
Bulgaria,BGR,2016,84.60526
Bulgaria,BGR,2017,85.29699
Bulgaria,BGR,2018,79.04445
Bulgaria,BGR,2019,76.67408
Bulgaria,BGR,2020,73.29991
Bulgaria,BGR,2021,71.14491
Burkina Faso,BFA,1994,99.936775
Burkina Faso,BFA,1998,99.861984
Burkina Faso,BFA,2003,99.918465
Burkina Faso,BFA,2009,99.896545
Burkina Faso,BFA,2014,99.92306
Burkina Faso,BFA,2018,99.68064
Burkina Faso,BFA,2021,99.80322
Burundi,BDI,1992,99.999985
Burundi,BDI,1998,99.9869
Burundi,BDI,2006,100
Burundi,BDI,2013,99.98109
Burundi,BDI,2020,99.985954
Cameroon,CMR,1996,99.76838
Cameroon,CMR,2001,99.49022
Cameroon,CMR,2007,99.70695
Cameroon,CMR,2014,99.269485
Cameroon,CMR,2021,99.640076
Canada,CAN,1971,62.996475
Canada,CAN,1973,54.997044
Canada,CAN,1975,47.249294
Canada,CAN,1977,43.245956
Canada,CAN,1979,40.491203
Canada,CAN,1981,37.497307
Canada,CAN,1982,37.749134
Canada,CAN,1984,37.99472
Canada,CAN,1985,35.74858
Canada,CAN,1986,34.98631
Canada,CAN,1987,33.4984
Canada,CAN,1988,31.496937
Canada,CAN,1989,30.49854
Canada,CAN,1990,30.749937
Canada,CAN,1991,33.495132
Canada,CAN,1992,32.743053
Canada,CAN,1993,34.74926
Canada,CAN,1994,32.997467
Canada,CAN,1995,33.24918
Canada,CAN,1996,37.498608
Canada,CAN,1997,37.249832
Canada,CAN,1998,34.749367
Canada,CAN,1999,32.997746
Canada,CAN,2000,31.73585
Canada,CAN,2001,29.749676
Canada,CAN,2002,29.497969
Canada,CAN,2003,28.983322
Canada,CAN,2004,28.245596
Canada,CAN,2005,26.744947
Canada,CAN,2006,26.498735
Canada,CAN,2007,23.496334
Canada,CAN,2008,22.749367
Canada,CAN,2009,22.99688
Canada,CAN,2010,21.994678
Canada,CAN,2011,20.726229
Canada,CAN,2012,22.234991
Canada,CAN,2013,21.246243
Canada,CAN,2014,19.99598
Canada,CAN,2015,20.748865
Canada,CAN,2016,19.749107
Canada,CAN,2017,19.240402
Canada,CAN,2018,17.722376
Canada,CAN,2019,16.741201
Cape Verde,CPV,2001,97.18773
Cape Verde,CPV,2007,97.00692
Cape Verde,CPV,2015,96.99397
Central African Republic,CAF,1992,99.999985
Central African Republic,CAF,2008,99.57367
Central African Republic,CAF,2021,99.97542
Chad,TCD,2003,99.96895
Chad,TCD,2011,99.89296
Chad,TCD,2018,99.92083
Chad,TCD,2022,99.941086
Chile,CHL,1987,93.808075
Chile,CHL,1990,92.154106
Chile,CHL,1992,92.55722
Chile,CHL,1994,90.568665
Chile,CHL,1996,89.23918
Chile,CHL,1998,88.02521
Chile,CHL,2000,90.82728
Chile,CHL,2003,91.21205
Chile,CHL,2006,88.9895
Chile,CHL,2009,87.72756
Chile,CHL,2011,86.303154
Chile,CHL,2013,81.41859
Chile,CHL,2015,79.998055
Chile,CHL,2017,77.15171
Chile,CHL,2020,76.09313
Chile,CHL,2022,71.264915
China,CHN,1981,99.999985
China,CHN,1984,99.999985
China,CHN,1987,99.999985
China,CHN,1990,99.97902
China,CHN,1993,99.98858
China,CHN,1996,99.999985
China,CHN,1999,99.98728
China,CHN,2002,99.76088
China,CHN,2005,99.580536
China,CHN,2008,98.95685
China,CHN,2010,98.36948
China,CHN,2011,98.15689
China,CHN,2012,97.71456
China,CHN,2013,97.1027
China,CHN,2014,96.58321
China,CHN,2015,96.03475
China,CHN,2016,95.27957
China,CHN,2017,94.442055
China,CHN,2018,93.578545
China,CHN,2019,92.78427
China,CHN,2020,94.01737
China (rural),,1981,99.999985
China (rural),,1984,99.999985
China (rural),,1987,99.999985
China (rural),,1990,99.97148
China (rural),,1993,99.983894
China (rural),,1996,99.999985
China (rural),,1999,99.98048
China (rural),,2002,99.87303
China (rural),,2005,99.8961
China (rural),,2008,99.64363
China (rural),,2010,99.45662
China (rural),,2011,99.459496
China (rural),,2012,99.27091
China (rural),,2013,99.37085
China (rural),,2014,99.200745
China (rural),,2015,99.03145
China (rural),,2016,98.83269
China (rural),,2017,98.40299
China (rural),,2018,98.13528
China (rural),,2019,97.85993
China (rural),,2020,97.92833
China (urban),,1981,99.999985
China (urban),,1984,99.999985
China (urban),,1987,99.999985
China (urban),,1990,99.999985
China (urban),,1993,99.999985
China (urban),,1996,99.999985
China (urban),,1999,99.999985
China (urban),,2002,99.58115
China (urban),,2005,99.153984
China (urban),,2008,98.16792
China (urban),,2010,97.24815
China (urban),,2011,96.88065
China (urban),,2012,96.26435
China (urban),,2013,95.09238
China (urban),,2014,94.3766
China (urban),,2015,93.632
China (urban),,2016,92.570145
China (urban),,2017,91.569084
China (urban),,2018,90.43185
China (urban),,2019,89.44371
China (urban),,2020,91.56159
Colombia,COL,1992,94.81541
Colombia,COL,1996,95.60589
Colombia,COL,1999,95.75224
Colombia,COL,2000,94.91372
Colombia,COL,2001,96.23875
Colombia,COL,2002,94.81789
Colombia,COL,2003,95.06889
Colombia,COL,2004,94.78659
Colombia,COL,2005,94.39087
Colombia,COL,2008,92.97479
Colombia,COL,2009,93.14124
Colombia,COL,2010,92.161064
Colombia,COL,2011,91.73433
Colombia,COL,2012,91.65215
Colombia,COL,2013,90.9462
Colombia,COL,2014,90.32831
Colombia,COL,2015,90.793655
Colombia,COL,2016,91.23866
Colombia,COL,2017,91.339294
Colombia,COL,2018,91.016426
Colombia,COL,2019,90.835526
Colombia,COL,2020,92.43508
Colombia,COL,2021,89.69062
Colombia,COL,2022,88.36755
Colombia (urban),,1980,95.98917
Colombia (urban),,1988,95.55937
Colombia (urban),,1989,95.792984
Colombia (urban),,1991,95.51076
Comoros,COM,2004,96.352554
Comoros,COM,2014,98.85609
Congo,COG,2005,99.79604
Congo,COG,2011,99.47406
Costa Rica,CRI,1981,99.292244
Costa Rica,CRI,1986,99.999985
Costa Rica,CRI,1989,97.00109
Costa Rica,CRI,1990,96.5554
Costa Rica,CRI,1991,97.38812
Costa Rica,CRI,1992,96.97921
Costa Rica,CRI,1993,95.23353
Costa Rica,CRI,1994,93.77022
Costa Rica,CRI,1995,94.61306
Costa Rica,CRI,1996,94.63876
Costa Rica,CRI,1997,94.48986
Costa Rica,CRI,1998,92.422585
Costa Rica,CRI,1999,92.569695
Costa Rica,CRI,2000,92.69572
Costa Rica,CRI,2001,87.411026
Costa Rica,CRI,2002,87.2489
Costa Rica,CRI,2003,86.86421
Costa Rica,CRI,2004,88.69392
Costa Rica,CRI,2005,87.63523
Costa Rica,CRI,2006,87.21635
Costa Rica,CRI,2007,85.1952
Costa Rica,CRI,2008,84.66434
Costa Rica,CRI,2009,82.67152
Costa Rica,CRI,2010,81.497246
Costa Rica,CRI,2011,80.0906
Costa Rica,CRI,2012,78.94175
Costa Rica,CRI,2013,77.408615
Costa Rica,CRI,2014,79.2532
Costa Rica,CRI,2015,79.10484
Costa Rica,CRI,2016,78.234665
Costa Rica,CRI,2017,77.858284
Costa Rica,CRI,2018,77.90963
Costa Rica,CRI,2019,78.05648
Costa Rica,CRI,2020,81.37294
Costa Rica,CRI,2021,78.82649
Costa Rica,CRI,2022,79.08789
Cote d'Ivoire,CIV,1985,97.426994
Cote d'Ivoire,CIV,1986,98.83905
Cote d'Ivoire,CIV,1987,98.471924
Cote d'Ivoire,CIV,1988,99.434326
Cote d'Ivoire,CIV,1992,99.85575
Cote d'Ivoire,CIV,1995,99.420425
Cote d'Ivoire,CIV,1998,99.80439
Cote d'Ivoire,CIV,2002,99.68787
Cote d'Ivoire,CIV,2008,99.776825
Cote d'Ivoire,CIV,2015,99.78948
Cote d'Ivoire,CIV,2018,99.61189
Cote d'Ivoire,CIV,2021,99.59905
Croatia,HRV,2009,81.64623
Croatia,HRV,2010,85.15362
Croatia,HRV,2011,86.585266
Croatia,HRV,2012,88.14847
Croatia,HRV,2013,89.612076
Croatia,HRV,2014,88.21299
Croatia,HRV,2015,86.286766
Croatia,HRV,2016,83.198395
Croatia,HRV,2017,80.4587
Croatia,HRV,2018,76.5627
Croatia,HRV,2019,72.73777
Croatia,HRV,2020,68.77288
Croatia,HRV,2021,65.52453
Cyprus,CYP,2004,39.09323
Cyprus,CYP,2005,35.77714
Cyprus,CYP,2006,29.04425
Cyprus,CYP,2007,30.444368
Cyprus,CYP,2008,31.028452
Cyprus,CYP,2009,32.38052
Cyprus,CYP,2010,28.870174
Cyprus,CYP,2011,31.326277
Cyprus,CYP,2012,38.532524
Cyprus,CYP,2013,45.179905
Cyprus,CYP,2014,46.473457
Cyprus,CYP,2015,43.89663
Cyprus,CYP,2016,40.524574
Cyprus,CYP,2017,36.192566
Cyprus,CYP,2018,33.185375
Cyprus,CYP,2019,30.760012
Cyprus,CYP,2020,28.41222
Cyprus,CYP,2021,26.87253
Czechia,CZE,1992,96.74665
Czechia,CZE,1993,92.6706
Czechia,CZE,1996,89.49651
Czechia,CZE,2002,84.747
Czechia,CZE,2004,81.38763
Czechia,CZE,2005,80.20777
Czechia,CZE,2006,76.54445
Czechia,CZE,2007,73.402596
Czechia,CZE,2008,72.12783
Czechia,CZE,2009,69.861046
Czechia,CZE,2010,69.84031
Czechia,CZE,2011,69.71153
Czechia,CZE,2012,71.290115
Czechia,CZE,2013,71.25885
Czechia,CZE,2014,68.68393
Czechia,CZE,2015,65.19322
Czechia,CZE,2016,62.021847
Czechia,CZE,2017,59.09088
Czechia,CZE,2018,54.553432
Czechia,CZE,2019,49.856262
Czechia,CZE,2020,47.89666
Czechia,CZE,2021,43.24912
Democratic Republic of Congo,COD,2004,100
Democratic Republic of Congo,COD,2012,99.98124
Democratic Republic of Congo,COD,2020,99.95693
Denmark,DNK,1987,26.74578
Denmark,DNK,1992,25.242115
Denmark,DNK,1995,21.747952
Denmark,DNK,2000,18.249365
Denmark,DNK,2003,22.406084
Denmark,DNK,2004,19.49147
Denmark,DNK,2005,19.32654
Denmark,DNK,2006,18.131008
Denmark,DNK,2007,16.376469
Denmark,DNK,2008,16.780926
Denmark,DNK,2009,17.107496
Denmark,DNK,2010,16.208862
Denmark,DNK,2011,16.536757
Denmark,DNK,2012,16.699097
Denmark,DNK,2013,15.972288
Denmark,DNK,2014,14.775571
Denmark,DNK,2015,13.933704
Denmark,DNK,2016,14.35132
Denmark,DNK,2017,14.116718
Denmark,DNK,2018,12.882702
Denmark,DNK,2019,11.9007225
Denmark,DNK,2020,11.078531
Denmark,DNK,2021,11.340167
Djibouti,DJI,2002,99.57495
Djibouti,DJI,2012,99.01747
Djibouti,DJI,2013,99.06089
Djibouti,DJI,2017,99.208565
Dominican Republic,DOM,1986,92.47781
Dominican Republic,DOM,1989,97.28353
Dominican Republic,DOM,1992,96.38146
Dominican Republic,DOM,1996,93.44203
Dominican Republic,DOM,1997,92.70898
Dominican Republic,DOM,2000,91.35489
Dominican Republic,DOM,2001,91.68848
Dominican Republic,DOM,2002,92.15902
Dominican Republic,DOM,2003,93.747475
Dominican Republic,DOM,2004,94.92772
Dominican Republic,DOM,2005,93.75704
Dominican Republic,DOM,2006,92.30068
Dominican Republic,DOM,2007,93.16601
Dominican Republic,DOM,2008,94.108116
Dominican Republic,DOM,2009,92.57722
Dominican Republic,DOM,2010,92.78849
Dominican Republic,DOM,2011,92.96857
Dominican Republic,DOM,2012,93.558655
Dominican Republic,DOM,2013,92.53717
Dominican Republic,DOM,2014,91.90182
Dominican Republic,DOM,2015,90.42832
Dominican Republic,DOM,2016,89.343475
Dominican Republic,DOM,2017,91.6128
Dominican Republic,DOM,2018,90.77112
Dominican Republic,DOM,2019,89.74587
Dominican Republic,DOM,2020,91.83778
Dominican Republic,DOM,2021,92.7996
Dominican Republic,DOM,2022,92.7683
East Asia and Pacific (PIP),,1990,99.82569
East Asia and Pacific (PIP),,1991,99.79262
East Asia and Pacific (PIP),,1992,99.765274
East Asia and Pacific (PIP),,1994,99.77147
East Asia and Pacific (PIP),,1995,99.7526
East Asia and Pacific (PIP),,1996,99.705925
East Asia and Pacific (PIP),,1997,99.68435
East Asia and Pacific (PIP),,1998,99.727974
East Asia and Pacific (PIP),,1999,99.72119
East Asia and Pacific (PIP),,2000,99.68671
East Asia and Pacific (PIP),,2001,99.6255
East Asia and Pacific (PIP),,2002,99.53195
East Asia and Pacific (PIP),,2003,99.473076
East Asia and Pacific (PIP),,2004,99.39201
East Asia and Pacific (PIP),,2005,99.29226
East Asia and Pacific (PIP),,2006,99.139496
East Asia and Pacific (PIP),,2007,98.959724
East Asia and Pacific (PIP),,2008,98.75952
East Asia and Pacific (PIP),,2009,98.5529
East Asia and Pacific (PIP),,2010,98.20803
East Asia and Pacific (PIP),,2011,97.99545
East Asia and Pacific (PIP),,2012,97.5885
East Asia and Pacific (PIP),,2013,97.11503
East Asia and Pacific (PIP),,2014,96.71603
East Asia and Pacific (PIP),,2015,96.24344
East Asia and Pacific (PIP),,2016,95.67487
East Asia and Pacific (PIP),,2017,95.069725
East Asia and Pacific (PIP),,2018,94.397224
East Asia and Pacific (PIP),,2019,93.80416
East Asia and Pacific (PIP),,2020,94.643135
East Asia and Pacific (PIP),,2021,93.724525
East Asia and Pacific (PIP),,2022,93.52011
East Timor,TLS,2001,99.98571
East Timor,TLS,2007,99.98291
East Timor,TLS,2014,99.96548
Eastern and Southern Africa (PIP),,1993,99.250496
Eastern and Southern Africa (PIP),,1994,99.267944
Eastern and Southern Africa (PIP),,1995,99.25279
Eastern and Southern Africa (PIP),,1996,99.25487
Eastern and Southern Africa (PIP),,1998,99.33038
Eastern and Southern Africa (PIP),,1999,99.38158
Eastern and Southern Africa (PIP),,2000,99.41248
Eastern and Southern Africa (PIP),,2001,99.42467
Eastern and Southern Africa (PIP),,2002,99.35241
Eastern and Southern Africa (PIP),,2003,99.301895
Eastern and Southern Africa (PIP),,2004,99.15093
Eastern and Southern Africa (PIP),,2005,99.02072
Eastern and Southern Africa (PIP),,2006,98.838974
Eastern and Southern Africa (PIP),,2007,98.837395
Eastern and Southern Africa (PIP),,2008,98.83154
Eastern and Southern Africa (PIP),,2009,98.851326
Eastern and Southern Africa (PIP),,2010,98.79038
Eastern and Southern Africa (PIP),,2011,98.794075
Eastern and Southern Africa (PIP),,2012,98.82008
Eastern and Southern Africa (PIP),,2013,98.85297
Eastern and Southern Africa (PIP),,2014,98.882195
Eastern and Southern Africa (PIP),,2015,98.90487
Eastern and Southern Africa (PIP),,2016,98.92573
Eastern and Southern Africa (PIP),,2017,98.947655
Eastern and Southern Africa (PIP),,2018,98.93476
Ecuador,ECU,1994,96.88277
Ecuador,ECU,1999,96.9224
Ecuador,ECU,2000,97.884415
Ecuador,ECU,2003,95.86451
Ecuador,ECU,2004,96.27145
Ecuador,ECU,2005,94.585884
Ecuador,ECU,2006,94.23516
Ecuador,ECU,2007,93.50272
Ecuador,ECU,2008,93.710396
Ecuador,ECU,2009,94.496994
Ecuador,ECU,2010,93.25814
Ecuador,ECU,2011,92.96849
Ecuador,ECU,2012,91.9549
Ecuador,ECU,2013,91.6974
Ecuador,ECU,2014,91.68585
Ecuador,ECU,2015,91.509315
Ecuador,ECU,2016,91.957375
Ecuador,ECU,2017,91.44423
Ecuador,ECU,2018,90.98817
Ecuador,ECU,2019,91.76371
Ecuador,ECU,2020,93.58159
Ecuador,ECU,2021,92.42011
Ecuador,ECU,2022,91.96318
Ecuador (urban),,1987,97.695366
Ecuador (urban),,1995,97.38254
Ecuador (urban),,1998,97.51463
Egypt,EGY,1990,99.73228
Egypt,EGY,1995,99.73672
Egypt,EGY,1999,99.57882
Egypt,EGY,2004,99.661514
Egypt,EGY,2008,99.64976
Egypt,EGY,2010,99.63037
Egypt,EGY,2012,99.74819
Egypt,EGY,2015,99.37586
Egypt,EGY,2017,99.64027
Egypt,EGY,2019,99.43949
El Salvador,SLV,1989,98.26305
El Salvador,SLV,1991,97.45871
El Salvador,SLV,1995,96.85133
El Salvador,SLV,1996,96.92051
El Salvador,SLV,1998,96.18998
El Salvador,SLV,1999,96.070564
El Salvador,SLV,2000,95.25793
El Salvador,SLV,2001,95.45585
El Salvador,SLV,2002,96.16333
El Salvador,SLV,2003,96.36417
El Salvador,SLV,2004,96.45134
El Salvador,SLV,2005,96.378395
El Salvador,SLV,2006,96.557846
El Salvador,SLV,2007,96.208336
El Salvador,SLV,2008,96.15282
El Salvador,SLV,2009,96.49201
El Salvador,SLV,2010,96.83534
El Salvador,SLV,2011,97.258965
El Salvador,SLV,2012,97.131645
El Salvador,SLV,2013,96.60471
El Salvador,SLV,2014,96.589455
El Salvador,SLV,2015,96.68537
El Salvador,SLV,2016,96.92125
El Salvador,SLV,2017,97.21526
El Salvador,SLV,2018,96.36325
El Salvador,SLV,2019,95.23341
El Salvador,SLV,2021,95.056595
El Salvador,SLV,2022,95.31754
Estonia,EST,1993,95.6917
Estonia,EST,2003,92.19324
Estonia,EST,2004,91.58782
Estonia,EST,2005,87.825554
Estonia,EST,2006,82.94763
Estonia,EST,2007,74.28998
Estonia,EST,2008,73.81468
Estonia,EST,2009,77.024765
Estonia,EST,2010,79.32084
Estonia,EST,2011,77.79955
Estonia,EST,2012,75.14248
Estonia,EST,2013,70.773705
Estonia,EST,2014,66.39952
Estonia,EST,2015,61.06671
Estonia,EST,2016,55.84565
Estonia,EST,2017,51.915092
Estonia,EST,2018,47.874073
Estonia,EST,2019,44.953026
Estonia,EST,2020,42.656467
Estonia,EST,2021,35.935192
Eswatini,SWZ,1994,99.999985
Eswatini,SWZ,2000,99.23814
Eswatini,SWZ,2009,99.399536
Eswatini,SWZ,2016,97.91745
Ethiopia,ETH,1995,99.758446
Ethiopia,ETH,1999,99.97059
Ethiopia,ETH,2004,99.94271
Ethiopia,ETH,2010,99.92913
Ethiopia,ETH,2015,99.908875
Ethiopia (rural),,1981,99.99152
Europe and Central Asia (PIP),,1990,94.728
Europe and Central Asia (PIP),,1991,95.56624
Europe and Central Asia (PIP),,1992,96.293434
Europe and Central Asia (PIP),,1993,97.17101
Europe and Central Asia (PIP),,1994,97.079506
Europe and Central Asia (PIP),,1995,96.651886
Europe and Central Asia (PIP),,1996,96.9182
Europe and Central Asia (PIP),,1997,97.33406
Europe and Central Asia (PIP),,1998,97.06667
Europe and Central Asia (PIP),,1999,98.05876
Europe and Central Asia (PIP),,2000,97.801575
Europe and Central Asia (PIP),,2001,97.52176
Europe and Central Asia (PIP),,2002,97.03718
Europe and Central Asia (PIP),,2003,95.84423
Europe and Central Asia (PIP),,2004,95.10213
Europe and Central Asia (PIP),,2005,94.334785
Europe and Central Asia (PIP),,2006,93.45093
Europe and Central Asia (PIP),,2007,92.05849
Europe and Central Asia (PIP),,2008,90.70979
Europe and Central Asia (PIP),,2009,91.19292
Europe and Central Asia (PIP),,2010,90.28266
Europe and Central Asia (PIP),,2011,89.75597
Europe and Central Asia (PIP),,2012,89.19058
Europe and Central Asia (PIP),,2013,88.5899
Europe and Central Asia (PIP),,2014,88.43301
Europe and Central Asia (PIP),,2015,88.8734
Europe and Central Asia (PIP),,2016,88.3881
Europe and Central Asia (PIP),,2017,87.62878
Europe and Central Asia (PIP),,2018,87.340706
Europe and Central Asia (PIP),,2019,86.13205
Europe and Central Asia (PIP),,2020,83.13044
Europe and Central Asia (PIP),,2021,81.1256
Europe and Central Asia (PIP),,2022,79.012665
Fiji,FJI,2002,98.29387
Fiji,FJI,2008,97.56087
Fiji,FJI,2013,97.869095
Fiji,FJI,2019,99.69992
Finland,FIN,1987,51.99566
Finland,FIN,1991,40.995605
Finland,FIN,1995,50.485878
Finland,FIN,2000,38.240864
Finland,FIN,2003,33.56121
Finland,FIN,2004,30.236176
Finland,FIN,2005,27.32624
Finland,FIN,2006,27.101135
Finland,FIN,2007,24.380629
Finland,FIN,2008,22.694426
Finland,FIN,2009,20.94768
Finland,FIN,2010,20.456985
Finland,FIN,2011,19.522596
Finland,FIN,2012,19.05982
Finland,FIN,2013,19.834145
Finland,FIN,2014,19.517561
Finland,FIN,2015,19.076752
Finland,FIN,2016,18.570114
Finland,FIN,2017,17.78799
Finland,FIN,2018,16.949646
Finland,FIN,2019,16.420048
Finland,FIN,2020,15.320242
Finland,FIN,2021,15.695906
France,FRA,1970,76.998764
France,FRA,1975,65.49632
France,FRA,1979,55.99394
France,FRA,1984,50.998497
France,FRA,1990,45.747314
France,FRA,1996,39.9975
France,FRA,1997,39.49882
France,FRA,1998,37.74959
France,FRA,1999,36.998142
France,FRA,2000,35.24914
France,FRA,2001,33.749767
France,FRA,2002,31.74668
France,FRA,2003,36.19679
France,FRA,2004,34.248207
France,FRA,2005,33.748226
France,FRA,2006,34.45785
France,FRA,2007,24.085648
France,FRA,2008,24.526934
France,FRA,2009,23.608269
France,FRA,2010,24.57618
France,FRA,2011,23.459547
France,FRA,2012,23.731686
France,FRA,2013,23.912815
France,FRA,2014,23.186644
France,FRA,2015,22.538622
France,FRA,2016,21.191479
France,FRA,2017,21.85945
France,FRA,2018,20.732456
France,FRA,2019,23.538656
France,FRA,2020,22.143942
France,FRA,2021,22.533754
Gabon,GAB,2005,98.47229
Gabon,GAB,2017,97.72847
Gambia,GMB,1998,99.950424
Gambia,GMB,2003,99.685585
Gambia,GMB,2010,99.44227
Gambia,GMB,2015,99.58328
Gambia,GMB,2020,99.56371
Georgia,GEO,1996,98.54559
Georgia,GEO,1997,99.50698
Georgia,GEO,1998,99.563
Georgia,GEO,1999,99.617134
Georgia,GEO,2000,99.6515
Georgia,GEO,2001,99.67404
Georgia,GEO,2002,99.561325
Georgia,GEO,2003,99.68938
Georgia,GEO,2004,99.71568
Georgia,GEO,2005,99.55143
Georgia,GEO,2006,99.64766
Georgia,GEO,2007,99.52253
Georgia,GEO,2008,99.35743
Georgia,GEO,2009,99.45756
Georgia,GEO,2010,99.32547
Georgia,GEO,2011,99.35457
Georgia,GEO,2012,99.20363
Georgia,GEO,2013,98.90527
Georgia,GEO,2014,99.03841
Georgia,GEO,2015,98.87186
Georgia,GEO,2016,98.83363
Georgia,GEO,2017,98.45343
Georgia,GEO,2018,98.8713
Georgia,GEO,2019,99.007706
Georgia,GEO,2020,99.34646
Georgia,GEO,2021,99.32396
Germany,DEU,1991,30.995699
Germany,DEU,1992,28.245693
Germany,DEU,1993,27.747646
Germany,DEU,1994,29.498276
Germany,DEU,1995,27.494244
Germany,DEU,1996,26.748085
Germany,DEU,1997,27.739584
Germany,DEU,1998,25.733519
Germany,DEU,1999,24.496313
Germany,DEU,2000,23.23887
Germany,DEU,2001,24.249605
Germany,DEU,2002,23.489002
Germany,DEU,2003,22.999304
Germany,DEU,2004,22.943623
Germany,DEU,2005,24.989319
Germany,DEU,2006,23.745556
Germany,DEU,2007,22.995306
Germany,DEU,2008,22.998753
Germany,DEU,2009,22.748604
Germany,DEU,2010,22.495422
Germany,DEU,2011,22.245184
Germany,DEU,2012,22.979548
Germany,DEU,2013,22.991693
Germany,DEU,2014,22.233763
Germany,DEU,2015,20.995789
Germany,DEU,2016,20.240074
Germany,DEU,2017,19.498636
Germany,DEU,2018,17.974659
Germany,DEU,2019,17.491741
Ghana,GHA,1987,99.999985
Ghana,GHA,1988,99.999985
Ghana,GHA,1991,99.9456
Ghana,GHA,1998,99.93944
Ghana,GHA,2005,99.65706
Ghana,GHA,2012,99.14172
Ghana,GHA,2016,98.848755
Greece,GRC,1995,74.74989
Greece,GRC,2000,67.74348
Greece,GRC,2003,57.987785
Greece,GRC,2004,55.613667
Greece,GRC,2005,55.29682
Greece,GRC,2006,54.790718
Greece,GRC,2007,51.52679
Greece,GRC,2008,50.870575
Greece,GRC,2009,49.321884
Greece,GRC,2010,59.010674
Greece,GRC,2011,70.71406
Greece,GRC,2012,79.130104
Greece,GRC,2013,81.04629
Greece,GRC,2014,80.88579
Greece,GRC,2015,80.34186
Greece,GRC,2016,79.85939
Greece,GRC,2017,79.81255
Greece,GRC,2018,77.465576
Greece,GRC,2019,74.24841
Greece,GRC,2020,73.83879
Greece,GRC,2021,69.794624
Grenada,GRD,2018,85.58743
Guatemala,GTM,1986,99.39376
Guatemala,GTM,1989,98.193726
Guatemala,GTM,1998,96.52269
Guatemala,GTM,2000,94.20502
Guatemala,GTM,2006,94.10082
Guatemala,GTM,2014,97.178955
Guinea,GIN,1991,99.999985
Guinea,GIN,1994,99.802315
Guinea,GIN,2002,99.935394
Guinea,GIN,2007,99.9822
Guinea,GIN,2012,99.9264
Guinea,GIN,2018,100
Guinea-Bissau,GNB,1993,99.63975
Guinea-Bissau,GNB,2002,99.98306
Guinea-Bissau,GNB,2010,100
Guinea-Bissau,GNB,2018,99.869545
Guinea-Bissau,GNB,2021,99.987274
Guyana,GUY,1992,99.999985
Guyana,GUY,1998,97.93424
Haiti,HTI,2001,99.42923
Haiti,HTI,2012,99.08983
Honduras,HND,1989,98.953606
Honduras,HND,1990,99.09827
Honduras,HND,1991,99.04415
Honduras,HND,1992,98.64199
Honduras,HND,1993,98.081955
Honduras,HND,1994,97.82508
Honduras,HND,1995,98.047775
Honduras,HND,1996,98.36599
Honduras,HND,1997,97.8486
Honduras,HND,1998,97.089096
Honduras,HND,1999,97.72428
Honduras,HND,2001,96.11965
Honduras,HND,2002,96.924866
Honduras,HND,2003,96.98948
Honduras,HND,2004,96.83721
Honduras,HND,2005,95.84997
Honduras,HND,2006,95.81648
Honduras,HND,2007,95.25463
Honduras,HND,2008,95.35762
Honduras,HND,2009,95.72965
Honduras,HND,2010,95.5332
Honduras,HND,2011,95.753136
Honduras,HND,2012,96.65998
Honduras,HND,2013,97.069954
Honduras,HND,2014,96.5681
Honduras,HND,2015,96.77723
Honduras,HND,2016,96.50835
Honduras,HND,2017,96.755424
Honduras,HND,2018,97.136894
Honduras,HND,2019,97.15784
Honduras (urban),,1986,99.40425
Hungary,HUN,1987,89.109604
Hungary,HUN,1989,98.94687
Hungary,HUN,1991,88.97059
Hungary,HUN,1993,94.930145
Hungary,HUN,1994,90.19161
Hungary,HUN,1999,94.487206
Hungary,HUN,2004,90.184784
Hungary,HUN,2005,86.91918
Hungary,HUN,2006,87.805664
Hungary,HUN,2007,88.53628
Hungary,HUN,2008,87.55817
Hungary,HUN,2009,89.41895
Hungary,HUN,2010,87.1156
Hungary,HUN,2011,87.411514
Hungary,HUN,2012,88.50721
Hungary,HUN,2013,86.65964
Hungary,HUN,2014,85.34411
Hungary,HUN,2015,83.04681
Hungary,HUN,2016,80.402245
Hungary,HUN,2017,77.12843
Hungary,HUN,2018,73.15807
Hungary,HUN,2019,64.05583
Hungary,HUN,2020,61.54962
Hungary,HUN,2021,61.149384
Iceland,ISL,2003,24.024178
Iceland,ISL,2004,24.075384
Iceland,ISL,2005,23.60252
Iceland,ISL,2006,16.200493
Iceland,ISL,2007,13.457195
Iceland,ISL,2008,13.452365
Iceland,ISL,2009,20.337036
Iceland,ISL,2010,24.138044
Iceland,ISL,2011,26.115725
Iceland,ISL,2012,24.362993
Iceland,ISL,2013,21.404713
Iceland,ISL,2014,20.637283
Iceland,ISL,2015,15.79714
Iceland,ISL,2016,12.247727
Iceland,ISL,2017,9.902415
India,IND,1977,99.9768
India,IND,1983,99.999985
India,IND,1987,99.94904
India,IND,1993,99.94842
India,IND,2004,99.87958
India,IND,2009,99.86124
India,IND,2011,99.74882
India,IND,2015,99.84273
India,IND,2016,99.82064
India,IND,2017,99.72869
India,IND,2018,99.84655
India,IND,2019,99.945564
India,IND,2020,99.97078
India,IND,2021,99.98833
India (rural),,1977,99.999985
India (rural),,1983,99.999985
India (rural),,1987,99.97071
India (rural),,1993,99.9574
India (rural),,2004,99.92737
India (rural),,2009,99.92058
India (rural),,2011,99.86056
India (rural),,2015,99.917725
India (rural),,2016,99.90859
India (rural),,2017,99.94251
India (rural),,2018,99.88819
India (rural),,2019,99.99514
India (rural),,2020,99.99937
India (rural),,2021,99.99955
India (urban),,1977,99.88743
India (urban),,1983,99.999985
India (urban),,1987,99.878136
India (urban),,1993,99.92116
India (urban),,2004,99.737495
India (urban),,2009,99.69809
India (urban),,2011,99.464
India (urban),,2015,99.68686
India (urban),,2016,99.64055
India (urban),,2017,99.29733
India (urban),,2018,99.76377
India (urban),,2019,99.848434
India (urban),,2020,99.915565
India (urban),,2021,99.96694
Indonesia,IDN,1984,99.999985
Indonesia,IDN,1987,99.98838
Indonesia,IDN,1990,99.999985
Indonesia,IDN,1993,99.97013
Indonesia,IDN,1996,99.8972
Indonesia,IDN,1998,99.97134
Indonesia,IDN,1999,99.94252
Indonesia,IDN,2000,99.97349
Indonesia,IDN,2001,99.965904
Indonesia,IDN,2002,99.94341
Indonesia,IDN,2003,99.93857
Indonesia,IDN,2004,99.875496
Indonesia,IDN,2005,99.85489
Indonesia,IDN,2006,99.88786
Indonesia,IDN,2007,99.78596
Indonesia,IDN,2008,99.796844
Indonesia,IDN,2009,99.784645
Indonesia,IDN,2010,99.72441
Indonesia,IDN,2011,99.409744
Indonesia,IDN,2012,99.33719
Indonesia,IDN,2013,99.23058
Indonesia,IDN,2014,99.120575
Indonesia,IDN,2015,98.820724
Indonesia,IDN,2016,98.86973
Indonesia,IDN,2017,99.03415
Indonesia,IDN,2018,98.93553
Indonesia,IDN,2019,99.026276
Indonesia,IDN,2020,98.93179
Indonesia,IDN,2021,98.811874
Indonesia,IDN,2022,98.59172
Indonesia,IDN,2023,98.347694
Indonesia (rural),,1984,99.999985
Indonesia (rural),,1987,99.983894
Indonesia (rural),,1990,99.999985
Indonesia (rural),,1993,99.99764
Indonesia (rural),,1996,99.980965
Indonesia (rural),,1998,99.994255
Indonesia (rural),,1999,99.99524
Indonesia (rural),,2000,99.99577
Indonesia (rural),,2001,99.988976
Indonesia (rural),,2002,99.99057
Indonesia (rural),,2003,100
Indonesia (rural),,2004,99.986824
Indonesia (rural),,2005,99.95952
Indonesia (rural),,2006,99.981674
Indonesia (rural),,2007,99.93827
Indonesia (rural),,2008,99.9465
Indonesia (rural),,2009,99.91983
Indonesia (rural),,2010,99.89896
Indonesia (rural),,2011,99.802055
Indonesia (rural),,2012,99.80917
Indonesia (rural),,2013,99.82617
Indonesia (rural),,2014,99.76524
Indonesia (rural),,2015,99.616066
Indonesia (rural),,2016,99.75868
Indonesia (rural),,2017,99.75715
Indonesia (rural),,2018,99.66489
Indonesia (rural),,2019,99.66513
Indonesia (rural),,2020,99.67721
Indonesia (rural),,2021,99.68066
Indonesia (rural),,2022,99.64475
Indonesia (rural),,2023,99.57113
Indonesia (urban),,1984,99.999985
Indonesia (urban),,1987,99.999985
Indonesia (urban),,1990,99.999985
Indonesia (urban),,1993,99.91627
Indonesia (urban),,1996,99.75599
Indonesia (urban),,1998,99.93636
Indonesia (urban),,1999,99.866005
Indonesia (urban),,2000,99.94271
Indonesia (urban),,2001,99.93505
Indonesia (urban),,2002,99.88233
Indonesia (urban),,2003,99.86151
Indonesia (urban),,2004,99.74025
Indonesia (urban),,2005,99.731766
Indonesia (urban),,2006,99.78096
Indonesia (urban),,2007,99.61784
Indonesia (urban),,2008,99.63688
Indonesia (urban),,2009,99.6447
Indonesia (urban),,2010,99.54927
Indonesia (urban),,2011,99.02664
Indonesia (urban),,2012,98.88869
Indonesia (urban),,2013,98.67981
Indonesia (urban),,2014,98.54045
Indonesia (urban),,2015,98.124245
Indonesia (urban),,2016,98.11214
Indonesia (urban),,2017,98.43441
Indonesia (urban),,2018,98.34659
Indonesia (urban),,2019,98.52402
Indonesia (urban),,2020,98.36117
Indonesia (urban),,2021,98.16419
Indonesia (urban),,2022,97.82711
Indonesia (urban),,2023,97.48236
Iran,IRN,1986,96.05177
Iran,IRN,1990,97.23056
Iran,IRN,1994,96.230255
Iran,IRN,1998,95.23428
Iran,IRN,2005,88.04703
Iran,IRN,2006,87.01059
Iran,IRN,2009,88.239845
Iran,IRN,2011,94.53456
Iran,IRN,2012,94.44404
Iran,IRN,2013,94.79906
Iran,IRN,2014,95.23456
Iran,IRN,2015,94.78086
Iran,IRN,2016,94.355515
Iran,IRN,2017,93.05085
Iran,IRN,2018,93.59695
Iran,IRN,2019,95.34666
Iran,IRN,2020,95.85689
Iran,IRN,2021,94.92971
Iran,IRN,2022,94.762146
Iraq,IRQ,2006,99.78539
Iraq,IRQ,2012,99.78286
Ireland,IRL,1987,84.93022
Ireland,IRL,1994,69.49126
Ireland,IRL,1995,67.974884
Ireland,IRL,1996,64.411255
Ireland,IRL,2000,46.74841
Ireland,IRL,2002,38.49451
Ireland,IRL,2003,37.091034
Ireland,IRL,2004,35.442207
Ireland,IRL,2005,32.222168
Ireland,IRL,2006,26.955112
Ireland,IRL,2007,26.576784
Ireland,IRL,2008,30.80909
Ireland,IRL,2009,32.872234
Ireland,IRL,2010,34.816357
Ireland,IRL,2011,37.17134
Ireland,IRL,2012,37.883804
Ireland,IRL,2013,37.45953
Ireland,IRL,2014,32.882385
Ireland,IRL,2015,30.852386
Ireland,IRL,2016,27.918243
Ireland,IRL,2017,21.502983
Ireland,IRL,2018,19.784306
Ireland,IRL,2019,17.747585
Ireland,IRL,2020,14.471832
Ireland,IRL,2021,13.785126
Israel,ISR,1979,83.98997
Israel,ISR,1986,83.49651
Israel,ISR,1992,76.72708
Israel,ISR,1997,74.743286
Israel,ISR,2001,67.746414
Israel,ISR,2002,73.24498
Israel,ISR,2003,70.99967
Israel,ISR,2004,68.496284
Israel,ISR,2005,67.2368
Israel,ISR,2006,65.71346
Israel,ISR,2007,63.24359
Israel,ISR,2008,62.23842
Israel,ISR,2009,61.968857
Israel,ISR,2010,61.248444
Israel,ISR,2011,60.746418
Israel,ISR,2012,57.48649
Israel,ISR,2013,55.499683
Israel,ISR,2014,52.99527
Israel,ISR,2015,51.99154
Israel,ISR,2016,50.488686
Israel,ISR,2017,47.49373
Israel,ISR,2018,45.740467
Israel,ISR,2019,47.24956
Israel,ISR,2020,47.446095
Israel,ISR,2021,47.242466
Italy,ITA,1977,80.24435
Italy,ITA,1978,76.714455
Italy,ITA,1979,73.47879
Italy,ITA,1980,70.74736
Italy,ITA,1981,73.7454
Italy,ITA,1982,71.24902
Italy,ITA,1983,69.9898
Italy,ITA,1984,67.70536
Italy,ITA,1986,70.247444
Italy,ITA,1987,60.74462
Italy,ITA,1989,54.749496
Italy,ITA,1991,54.999916
Italy,ITA,1993,56.993793
Italy,ITA,1995,57.476147
Italy,ITA,1998,53.731895
Italy,ITA,2000,51.99854
Italy,ITA,2002,51.49997
Italy,ITA,2003,39.091328
Italy,ITA,2004,36.663784
Italy,ITA,2005,36.64824
Italy,ITA,2006,35.485863
Italy,ITA,2007,34.233303
Italy,ITA,2008,36.41857
Italy,ITA,2009,35.346405
Italy,ITA,2010,36.54123
Italy,ITA,2011,38.452053
Italy,ITA,2012,40.94591
Italy,ITA,2013,41.948776
Italy,ITA,2014,41.58118
Italy,ITA,2015,40.18813
Italy,ITA,2016,39.408028
Italy,ITA,2017,38.475018
Italy,ITA,2018,38.04886
Italy,ITA,2019,34.90878
Italy,ITA,2020,36.370514
Italy,ITA,2021,34.104874
Jamaica,JAM,1988,97.68408
Jamaica,JAM,1990,98.00582
Jamaica,JAM,1993,99.677414
Jamaica,JAM,1996,97.64033
Jamaica,JAM,1999,94.67163
Jamaica,JAM,2002,92.95593
Jamaica,JAM,2004,93.67855
Jamaica,JAM,2018,91.37463
Jamaica,JAM,2021,88.565834
Japan,JPN,2008,41.707077
Japan,JPN,2010,27.744692
Japan,JPN,2013,30.217106
Jordan,JOR,1986,95.9914
Jordan,JOR,1992,97.38701
Jordan,JOR,1997,98.55617
Jordan,JOR,2002,97.79365
Jordan,JOR,2006,97.59888
Jordan,JOR,2008,97.73524
Jordan,JOR,2010,96.47959
Kazakhstan,KAZ,1993,99.999985
Kazakhstan,KAZ,1996,99.710106
Kazakhstan,KAZ,2001,99.703316
Kazakhstan,KAZ,2002,99.623695
Kazakhstan,KAZ,2003,99.634026
Kazakhstan,KAZ,2004,99.59913
Kazakhstan,KAZ,2005,98.78403
Kazakhstan,KAZ,2006,99.14444
Kazakhstan,KAZ,2007,98.69833
Kazakhstan,KAZ,2008,98.82506
Kazakhstan,KAZ,2009,99.066666
Kazakhstan,KAZ,2010,98.80113
Kazakhstan,KAZ,2011,97.8254
Kazakhstan,KAZ,2012,97.566666
Kazakhstan,KAZ,2013,97.30197
Kazakhstan,KAZ,2014,97.65701
Kazakhstan,KAZ,2015,98.128235
Kazakhstan,KAZ,2016,98.404816
Kazakhstan,KAZ,2017,97.77049
Kazakhstan,KAZ,2018,96.90642
Kazakhstan,KAZ,2019,96.734146
Kazakhstan,KAZ,2020,96.24007
Kazakhstan,KAZ,2021,95.64682
Kenya,KEN,1992,99.3559
Kenya,KEN,1994,99.702065
Kenya,KEN,1997,99.44767
Kenya,KEN,2005,99.62849
Kenya,KEN,2015,99.83352
Kenya,KEN,2020,99.99055
Kenya,KEN,2021,99.91583
Kiribati,KIR,2006,99.61212
Kiribati,KIR,2019,99.749535
Kosovo,OWID_KOS,2003,99.98335
Kosovo,OWID_KOS,2005,99.98842
Kosovo,OWID_KOS,2006,100
Kosovo,OWID_KOS,2009,99.934204
Kosovo,OWID_KOS,2010,99.86187
Kosovo,OWID_KOS,2011,99.99554
Kosovo,OWID_KOS,2012,99.56802
Kosovo,OWID_KOS,2013,99.65856
Kosovo,OWID_KOS,2014,99.70036
Kosovo,OWID_KOS,2015,99.70025
Kosovo,OWID_KOS,2016,99.59312
Kosovo,OWID_KOS,2017,98.9056
Kyrgyzstan,KGZ,2000,100
Kyrgyzstan,KGZ,2001,100
Kyrgyzstan,KGZ,2002,100
Kyrgyzstan,KGZ,2003,100
Kyrgyzstan,KGZ,2004,99.730934
Kyrgyzstan,KGZ,2005,99.93045
Kyrgyzstan,KGZ,2006,99.40838
Kyrgyzstan,KGZ,2007,99.77426
Kyrgyzstan,KGZ,2008,99.57176
Kyrgyzstan,KGZ,2009,99.72712
Kyrgyzstan,KGZ,2010,99.75255
Kyrgyzstan,KGZ,2011,99.8092
Kyrgyzstan,KGZ,2012,99.841866
Kyrgyzstan,KGZ,2013,99.873474
Kyrgyzstan,KGZ,2014,99.822845
Kyrgyzstan,KGZ,2015,99.63854
Kyrgyzstan,KGZ,2016,99.8897
Kyrgyzstan,KGZ,2017,99.75817
Kyrgyzstan,KGZ,2018,99.730896
Kyrgyzstan,KGZ,2019,99.24845
Kyrgyzstan,KGZ,2020,99.76231
Kyrgyzstan,KGZ,2021,99.607704
Laos,LAO,1992,99.931076
Laos,LAO,1997,99.9701
Laos,LAO,2002,99.924614
Laos,LAO,2007,99.847374
Laos,LAO,2012,99.78809
Laos,LAO,2018,99.32377
Latin America and the Caribbean (PIP),,1990,95.19427
Latin America and the Caribbean (PIP),,1991,95.53538
Latin America and the Caribbean (PIP),,1992,96.068855
Latin America and the Caribbean (PIP),,1993,95.09113
Latin America and the Caribbean (PIP),,1994,94.40091
Latin America and the Caribbean (PIP),,1995,94.020996
Latin America and the Caribbean (PIP),,1996,94.12575
Latin America and the Caribbean (PIP),,1997,93.96876
Latin America and the Caribbean (PIP),,1998,93.7348
Latin America and the Caribbean (PIP),,1999,94.001595
Latin America and the Caribbean (PIP),,2000,93.36422
Latin America and the Caribbean (PIP),,2001,93.302956
Latin America and the Caribbean (PIP),,2002,93.24386
Latin America and the Caribbean (PIP),,2003,93.46361
Latin America and the Caribbean (PIP),,2004,93.51137
Latin America and the Caribbean (PIP),,2005,93.07203
Latin America and the Caribbean (PIP),,2006,92.30247
Latin America and the Caribbean (PIP),,2007,91.93715
Latin America and the Caribbean (PIP),,2008,91.526344
Latin America and the Caribbean (PIP),,2009,91.634186
Latin America and the Caribbean (PIP),,2010,91.22609
Latin America and the Caribbean (PIP),,2011,90.68022
Latin America and the Caribbean (PIP),,2012,89.842445
Latin America and the Caribbean (PIP),,2013,89.367424
Latin America and the Caribbean (PIP),,2014,89.16319
Latin America and the Caribbean (PIP),,2015,88.9127
Latin America and the Caribbean (PIP),,2016,88.78872
Latin America and the Caribbean (PIP),,2017,88.83238
Latin America and the Caribbean (PIP),,2018,88.374504
Latin America and the Caribbean (PIP),,2019,88.092445
Latin America and the Caribbean (PIP),,2020,89.43638
Latin America and the Caribbean (PIP),,2021,89.134995
Latin America and the Caribbean (PIP),,2022,87.66454
Latvia,LVA,1993,99.999985
Latvia,LVA,1995,98.39284
Latvia,LVA,1996,98.60045
Latvia,LVA,2004,95.08651
Latvia,LVA,2005,92.29563
Latvia,LVA,2006,88.3823
Latvia,LVA,2007,78.42394
Latvia,LVA,2008,79.55335
Latvia,LVA,2009,87.00681
Latvia,LVA,2010,89.47575
Latvia,LVA,2011,88.44761
Latvia,LVA,2012,87.33002
Latvia,LVA,2013,83.66455
Latvia,LVA,2014,80.62465
Latvia,LVA,2015,77.27879
Latvia,LVA,2016,73.80105
Latvia,LVA,2017,69.96202
Latvia,LVA,2018,65.65472
Latvia,LVA,2019,64.055435
Latvia,LVA,2020,59.087944
Latvia,LVA,2021,54.497475
Lebanon,LBN,2011,74.73101
Lesotho,LSO,1986,99.26951
Lesotho,LSO,1994,98.75247
Lesotho,LSO,2002,99.858864
Lesotho,LSO,2017,99.54518
Liberia,LBR,2007,99.97553
Liberia,LBR,2014,99.99883
Liberia,LBR,2016,99.92769
Lithuania,LTU,1993,99.551994
Lithuania,LTU,2004,94.804115
Lithuania,LTU,2005,92.293015
Lithuania,LTU,2006,88.42635
Lithuania,LTU,2007,81.98549
Lithuania,LTU,2008,79.03348
Lithuania,LTU,2009,85.213264
Lithuania,LTU,2010,89.60122
Lithuania,LTU,2011,86.99647
Lithuania,LTU,2012,84.6246
Lithuania,LTU,2013,82.4199
Lithuania,LTU,2014,78.57725
Lithuania,LTU,2015,74.41805
Lithuania,LTU,2016,71.88419
Lithuania,LTU,2017,66.911415
Lithuania,LTU,2018,61.305214
Lithuania,LTU,2019,57.190727
Lithuania,LTU,2020,49.681046
Lithuania,LTU,2021,48.84922
Luxembourg,LUX,1985,31.453205
Luxembourg,LUX,1986,27.9881
Luxembourg,LUX,1987,23.707659
Luxembourg,LUX,1988,19.429045
Luxembourg,LUX,1989,16.201405
Luxembourg,LUX,1990,13.207607
Luxembourg,LUX,1991,12.979646
Luxembourg,LUX,1992,11.231405
Luxembourg,LUX,1993,9.967936
Luxembourg,LUX,1994,13.70372
Luxembourg,LUX,1995,12.734591
Luxembourg,LUX,1996,14.632143
Luxembourg,LUX,1997,12.987087
Luxembourg,LUX,1998,14.112621
Luxembourg,LUX,1999,12.447396
Luxembourg,LUX,2000,12.708386
Luxembourg,LUX,2001,11.440354
Luxembourg,LUX,2002,8.402869
Luxembourg,LUX,2003,10.000111
Luxembourg,LUX,2004,9.429679
Luxembourg,LUX,2005,8.595972
Luxembourg,LUX,2006,9.460083
Luxembourg,LUX,2007,9.010311
Luxembourg,LUX,2008,10.363908
Luxembourg,LUX,2009,9.531838
Luxembourg,LUX,2010,8.826623
Luxembourg,LUX,2011,12.60224
Luxembourg,LUX,2012,12.925784
Luxembourg,LUX,2013,12.414583
Luxembourg,LUX,2014,10.420913
Luxembourg,LUX,2015,13.991569
Luxembourg,LUX,2016,10.1763525
Luxembourg,LUX,2017,13.074393
Luxembourg,LUX,2018,12.743471
Luxembourg,LUX,2019,11.329721
Luxembourg,LUX,2020,9.429627
Luxembourg,LUX,2021,7.5934277
Madagascar,MDG,1980,99.62952
Madagascar,MDG,1993,99.72761
Madagascar,MDG,1997,99.96998
Madagascar,MDG,1999,99.997894
Madagascar,MDG,2001,99.98127
Madagascar,MDG,2005,99.94219
Madagascar,MDG,2010,99.94682
Madagascar,MDG,2012,99.99895
Malawi,MWI,1997,99.51666
Malawi,MWI,2004,99.94207
Malawi,MWI,2010,99.854675
Malawi,MWI,2016,99.921295
Malawi,MWI,2019,99.97465
Malaysia,MYS,1984,93.62808
Malaysia,MYS,1987,93.96723
Malaysia,MYS,1989,94.35458
Malaysia,MYS,1992,92.37062
Malaysia,MYS,1995,91.9067
Malaysia,MYS,1997,87.92421
Malaysia,MYS,2003,89.04006
Malaysia,MYS,2006,87.16053
Malaysia,MYS,2008,85.807526
Malaysia,MYS,2011,79.67991
Malaysia,MYS,2013,75.38904
Malaysia,MYS,2015,70.02513
Malaysia,MYS,2018,64.53069
Malaysia,MYS,2021,61.464573
Maldives,MDV,2002,99.51056
Maldives,MDV,2009,97.93693
Maldives,MDV,2016,90.97572
Maldives,MDV,2019,90.66707
Mali,MLI,1994,99.94309
Mali,MLI,2001,99.9867
Mali,MLI,2006,99.99187
Mali,MLI,2009,99.99986
Mali,MLI,2018,99.95249
Mali,MLI,2021,99.96648
Malta,MLT,2006,54.029232
Malta,MLT,2007,47.428215
Malta,MLT,2008,46.666588
Malta,MLT,2009,49.098778
Malta,MLT,2010,46.590908
Malta,MLT,2011,44.60084
Malta,MLT,2012,41.830765
Malta,MLT,2013,37.417316
Malta,MLT,2014,33.885593
Malta,MLT,2015,34.29799
Malta,MLT,2016,30.188316
Malta,MLT,2017,29.181623
Malta,MLT,2018,27.11614
Malta,MLT,2019,23.850586
Malta,MLT,2020,22.220835
Marshall Islands,MHL,2019,96.97398
Mauritania,MRT,1987,99.999985
Mauritania,MRT,1993,99.999985
Mauritania,MRT,1995,99.84842
Mauritania,MRT,2000,99.89069
Mauritania,MRT,2004,99.49903
Mauritania,MRT,2008,99.86854
Mauritania,MRT,2014,99.76713
Mauritania,MRT,2019,99.83639
Mauritius,MUS,2006,96.5103
Mauritius,MUS,2012,95.01911
Mauritius,MUS,2017,93.837585
Mexico,MEX,1984,96.18113
Mexico,MEX,1989,96.39553
Mexico,MEX,1992,94.48636
Mexico,MEX,1994,93.82986
Mexico,MEX,1996,96.60349
Mexico,MEX,1998,96.191475
Mexico,MEX,2000,94.238434
Mexico,MEX,2002,94.56735
Mexico,MEX,2004,94.48307
Mexico,MEX,2005,94.35685
Mexico,MEX,2006,93.492355
Mexico,MEX,2008,93.42377
Mexico,MEX,2010,94.377174
Mexico,MEX,2012,92.92182
Mexico,MEX,2014,93.89438
Mexico,MEX,2016,92.845406
Mexico,MEX,2018,92.86969
Mexico,MEX,2020,93.36696
Mexico,MEX,2022,91.65154
Micronesia (country),FSM,2005,98.36156
Micronesia (country),FSM,2013,99.59751
Micronesia (country) (urban),,2000,98.279686
Middle East and North Africa (PIP),,1990,98.85357
Middle East and North Africa (PIP),,1991,98.666
Middle East and North Africa (PIP),,1992,98.55884
Middle East and North Africa (PIP),,1993,98.53955
Middle East and North Africa (PIP),,1994,98.515656
Middle East and North Africa (PIP),,1995,98.503975
Middle East and North Africa (PIP),,1996,98.31716
Middle East and North Africa (PIP),,1997,98.29495
Middle East and North Africa (PIP),,1998,98.19708
Middle East and North Africa (PIP),,1999,98.17936
Middle East and North Africa (PIP),,2000,97.98706
Middle East and North Africa (PIP),,2001,97.891075
Middle East and North Africa (PIP),,2003,97.046486
Middle East and North Africa (PIP),,2004,96.6332
Middle East and North Africa (PIP),,2005,96.4414
Middle East and North Africa (PIP),,2006,96.17982
Middle East and North Africa (PIP),,2007,96.02388
Middle East and North Africa (PIP),,2008,96.098724
Middle East and North Africa (PIP),,2009,96.17488
Middle East and North Africa (PIP),,2010,96.66373
Middle East and North Africa (PIP),,2011,97.36368
Middle East and North Africa (PIP),,2012,97.588905
Middle East and North Africa (PIP),,2013,97.67566
Middle East and North Africa (PIP),,2014,97.71834
Middle East and North Africa (PIP),,2015,97.64257
Middle East and North Africa (PIP),,2016,97.5479
Middle East and North Africa (PIP),,2017,97.32356
Middle East and North Africa (PIP),,2018,97.357185
Moldova,MDA,1997,99.756935
Moldova,MDA,1998,99.795
Moldova,MDA,1999,99.56879
Moldova,MDA,2000,99.95137
Moldova,MDA,2001,99.871635
Moldova,MDA,2002,99.8296
Moldova,MDA,2003,99.610504
Moldova,MDA,2004,99.58353
Moldova,MDA,2005,99.700455
Moldova,MDA,2006,98.65485
Moldova,MDA,2007,98.25325
Moldova,MDA,2008,98.53064
Moldova,MDA,2009,98.90512
Moldova,MDA,2010,98.718475
Moldova,MDA,2011,98.88261
Moldova,MDA,2012,99.02773
Moldova,MDA,2013,98.98425
Moldova,MDA,2014,99.349884
Moldova,MDA,2015,99.081116
Moldova,MDA,2016,99.320724
Moldova,MDA,2017,99.32735
Moldova,MDA,2018,99.02086
Moldova,MDA,2019,99.14044
Moldova,MDA,2021,99.05557
Mongolia,MNG,1995,99.999985
Mongolia,MNG,1998,99.999985
Mongolia,MNG,2002,99.842575
Mongolia,MNG,2007,98.71071
Mongolia,MNG,2010,99.09888
Mongolia,MNG,2011,98.664696
Mongolia,MNG,2012,97.67125
Mongolia,MNG,2014,97.76209
Mongolia,MNG,2016,98.78972
Mongolia,MNG,2018,98.48623
Mongolia,MNG,2022,97.105446
Montenegro,MNE,2012,93.224434
Montenegro,MNE,2013,93.38192
Montenegro,MNE,2014,92.728065
Montenegro,MNE,2015,93.25258
Montenegro,MNE,2016,91.453125
Montenegro,MNE,2017,91.64178
Montenegro,MNE,2018,92.28548
Montenegro,MNE,2019,91.603905
Montenegro,MNE,2020,92.78053
Montenegro,MNE,2021,90.5612
Morocco,MAR,1984,99.4216
Morocco,MAR,1990,98.662796
Morocco,MAR,1998,98.88771
Morocco,MAR,2000,98.8287
Morocco,MAR,2006,97.574554
Morocco,MAR,2013,96.11306
Mozambique,MOZ,1996,99.91034
Mozambique,MOZ,2002,99.845764
Mozambique,MOZ,2008,99.80643
Mozambique,MOZ,2014,99.4568
Mozambique,MOZ,2019,99.81359
Myanmar,MMR,2015,99.352936
Myanmar,MMR,2017,99.55827
Namibia,NAM,1993,96.43374
Namibia,NAM,2003,95.634285
Namibia,NAM,2009,95.68536
Namibia,NAM,2015,92.526665
Nauru,NRU,2012,99.60863
Nepal,NPL,1984,99.999985
Nepal,NPL,1995,99.94751
Nepal,NPL,2003,99.66347
Nepal,NPL,2010,99.9229
Netherlands,NLD,1983,57.998623
Netherlands,NLD,1987,50.7217
Netherlands,NLD,1990,37.722065
Netherlands,NLD,1993,41.484688
Netherlands,NLD,1999,28.24615
Netherlands,NLD,2004,28.533894
Netherlands,NLD,2005,26.47003
Netherlands,NLD,2006,23.047012
Netherlands,NLD,2007,19.91945
Netherlands,NLD,2008,19.498493
Netherlands,NLD,2009,20.328497
Netherlands,NLD,2010,20.25622
Netherlands,NLD,2011,20.199842
Netherlands,NLD,2012,20.822508
Netherlands,NLD,2013,22.72991
Netherlands,NLD,2014,21.937496
Netherlands,NLD,2015,17.885347
Netherlands,NLD,2016,16.478613
Netherlands,NLD,2017,16.61754
Netherlands,NLD,2018,16.214867
Netherlands,NLD,2019,15.5525465
Netherlands,NLD,2020,11.7699995
Netherlands,NLD,2021,10.788795
Nicaragua,NIC,1993,98.54792
Nicaragua,NIC,1998,98.07637
Nicaragua,NIC,2001,97.58078
Nicaragua,NIC,2005,96.939865
Nicaragua,NIC,2009,97.881485
Nicaragua,NIC,2014,95.535576
Niger,NER,1992,99.957466
Niger,NER,1994,99.98976
Niger,NER,2005,99.85167
Niger,NER,2007,99.95659
Niger,NER,2011,99.99843
Niger,NER,2014,99.981094
Niger,NER,2018,99.85633
Niger,NER,2021,99.956795
Nigeria,NGA,1985,99.999985
Nigeria,NGA,1992,100
Nigeria,NGA,1996,99.66068
Nigeria,NGA,2003,99.971306
Nigeria,NGA,2010,99.998
Nigeria,NGA,2012,99.99889
Nigeria,NGA,2015,99.99836
Nigeria,NGA,2018,99.96996
North Macedonia,MKD,2009,97.70811
North Macedonia,MKD,2010,98.13576
North Macedonia,MKD,2011,98.129776
North Macedonia,MKD,2012,98.531494
North Macedonia,MKD,2013,98.639206
North Macedonia,MKD,2014,98.44334
North Macedonia,MKD,2015,98.05385
North Macedonia,MKD,2016,98.04675
North Macedonia,MKD,2017,97.45
North Macedonia,MKD,2018,97.55615
North Macedonia,MKD,2019,96.34216
Norway,NOR,1979,68.74274
Norway,NOR,1986,41.499226
Norway,NOR,1991,36.220478
Norway,NOR,1995,35.24844
Norway,NOR,2000,20.244799
Norway,NOR,2003,16.75135
Norway,NOR,2004,16.791674
Norway,NOR,2005,14.163897
Norway,NOR,2006,14.338167
Norway,NOR,2007,9.938833
Norway,NOR,2008,10.376606
Norway,NOR,2009,9.340633
Norway,NOR,2010,8.8311405
Norway,NOR,2011,7.554044
Norway,NOR,2012,7.3744245
Norway,NOR,2013,6.555087
Norway,NOR,2014,6.7197075
Norway,NOR,2015,6.922697
Norway,NOR,2016,8.357464
Norway,NOR,2017,7.3608994
Norway,NOR,2018,7.556347
Norway,NOR,2019,7.049958
Other high income countries (PIP),,1990,46.761387
Other high income countries (PIP),,1991,45.785824
Other high income countries (PIP),,1992,45.16794
Other high income countries (PIP),,1993,45.410976
Other high income countries (PIP),,1994,44.126976
Other high income countries (PIP),,1995,42.910057
Other high income countries (PIP),,1996,42.007114
Other high income countries (PIP),,1997,40.961742
Other high income countries (PIP),,1998,39.71534
Other high income countries (PIP),,1999,38.355194
Other high income countries (PIP),,2000,36.65672
Other high income countries (PIP),,2001,36.085484
Other high income countries (PIP),,2002,35.317345
Other high income countries (PIP),,2003,34.595524
Other high income countries (PIP),,2004,33.527126
Other high income countries (PIP),,2005,32.950626
Other high income countries (PIP),,2006,32.232937
Other high income countries (PIP),,2007,30.235592
Other high income countries (PIP),,2008,30.771082
Other high income countries (PIP),,2009,29.79802
Other high income countries (PIP),,2010,29.296926
Other high income countries (PIP),,2011,29.798025
Other high income countries (PIP),,2012,30.179096
Other high income countries (PIP),,2013,30.204197
Other high income countries (PIP),,2014,29.579905
Other high income countries (PIP),,2015,28.532337
Other high income countries (PIP),,2016,27.356047
Other high income countries (PIP),,2017,26.839659
Other high income countries (PIP),,2018,25.644505
Other high income countries (PIP),,2019,24.399046
Other high income countries (PIP),,2020,24.073465
Other high income countries (PIP),,2021,23.204868
Other high income countries (PIP),,2022,21.67577
Pakistan,PAK,1987,99.99409
Pakistan,PAK,1990,99.99721
Pakistan,PAK,1996,99.946976
Pakistan,PAK,1998,99.79009
Pakistan,PAK,2001,99.96144
Pakistan,PAK,2004,99.89435
Pakistan,PAK,2005,99.826996
Pakistan,PAK,2007,99.86846
Pakistan,PAK,2010,99.866974
Pakistan,PAK,2011,99.83255
Pakistan,PAK,2013,99.83151
Pakistan,PAK,2015,99.62448
Pakistan,PAK,2018,99.7952
Palestine,PSE,2004,97.767044
Palestine,PSE,2005,97.27863
Palestine,PSE,2006,97.18858
Palestine,PSE,2007,97.77403
Palestine,PSE,2009,96.569405
Palestine,PSE,2010,96.643
Palestine,PSE,2011,96.72342
Palestine,PSE,2016,97.69997
Panama,PAN,1979,93.74061
Panama,PAN,1989,94.12227
Panama,PAN,1991,93.50013
Panama,PAN,1995,90.73041
Panama,PAN,1997,90.217636
Panama,PAN,1998,91.06268
Panama,PAN,1999,89.868004
Panama,PAN,2000,89.19754
Panama,PAN,2001,91.08025
Panama,PAN,2002,89.74284
Panama,PAN,2003,89.04236
Panama,PAN,2004,88.8664
Panama,PAN,2005,89.1367
Panama,PAN,2006,89.05118
Panama,PAN,2007,88.865074
Panama,PAN,2008,85.9222
Panama,PAN,2009,85.941284
Panama,PAN,2010,85.20314
Panama,PAN,2011,83.02453
Panama,PAN,2012,82.37695
Panama,PAN,2013,81.35964
Panama,PAN,2014,81.41548
Panama,PAN,2015,78.92649
Panama,PAN,2016,76.15407
Panama,PAN,2017,76.1829
Panama,PAN,2018,74.357635
Panama,PAN,2019,73.708725
Panama,PAN,2021,77.08482
Panama,PAN,2023,76.80312
Papua New Guinea,PNG,1996,99.87931
Papua New Guinea,PNG,2009,99.94338
Paraguay,PRY,1990,90.26366
Paraguay,PRY,1995,91.40456
Paraguay,PRY,1997,89.32415
Paraguay,PRY,1999,91.7583
Paraguay,PRY,2001,91.583984
Paraguay,PRY,2002,95.21906
Paraguay,PRY,2003,93.22595
Paraguay,PRY,2004,94.01989
Paraguay,PRY,2005,92.838615
Paraguay,PRY,2006,93.67528
Paraguay,PRY,2007,93.34911
Paraguay,PRY,2008,92.55474
Paraguay,PRY,2009,93.152565
Paraguay,PRY,2010,91.881905
Paraguay,PRY,2011,90.631485
Paraguay,PRY,2012,90.19742
Paraguay,PRY,2013,88.12163
Paraguay,PRY,2014,87.36298
Paraguay,PRY,2015,87.49417
Paraguay,PRY,2016,88.460075
Paraguay,PRY,2017,88.714676
Paraguay,PRY,2018,87.49037
Paraguay,PRY,2019,86.98145
Paraguay,PRY,2020,89.93887
Paraguay,PRY,2021,89.85125
Paraguay,PRY,2022,89.04926
Peru,PER,1997,96.571266
Peru,PER,1998,95.5938
Peru,PER,1999,95.378426
Peru,PER,2000,97.007835
Peru,PER,2001,97.14019
Peru,PER,2002,96.2817
Peru,PER,2003,95.46755
Peru,PER,2004,96.74938
Peru,PER,2005,96.86976
Peru,PER,2006,96.13466
Peru,PER,2007,95.3662
Peru,PER,2008,95.289505
Peru,PER,2009,94.90497
Peru,PER,2010,94.77821
Peru,PER,2011,94.592674
Peru,PER,2012,93.64382
Peru,PER,2013,93.56868
Peru,PER,2014,93.63821
Peru,PER,2015,93.500854
Peru,PER,2016,92.836624
Peru,PER,2017,93.153175
Peru,PER,2018,92.589806
Peru,PER,2019,92.66299
Peru,PER,2020,95.548515
Peru,PER,2021,95.131325
Peru,PER,2022,94.65448
Philippines,PHL,1985,99.57298
Philippines,PHL,1988,99.69706
Philippines,PHL,1991,99.32176
Philippines,PHL,1994,99.41642
Philippines,PHL,1997,98.95587
Philippines,PHL,2000,99.25927
Philippines,PHL,2003,99.3282
Philippines,PHL,2006,99.2194
Philippines,PHL,2009,99.07469
Philippines,PHL,2012,99.10712
Philippines,PHL,2015,99.11454
Philippines,PHL,2018,99.121086
Philippines,PHL,2021,99.361435
Poland,POL,1985,97.823685
Poland,POL,1986,96.99716
Poland,POL,1987,96.79155
Poland,POL,1989,88.05088
Poland,POL,1992,94.49194
Poland,POL,1995,96.499695
Poland,POL,1999,94.24887
Poland,POL,2004,90.70796
Poland,POL,2005,89.26235
Poland,POL,2006,88.18137
Poland,POL,2007,84.52133
Poland,POL,2008,81.62228
Poland,POL,2009,80.420586
Poland,POL,2010,79.86702
Poland,POL,2011,78.897064
Poland,POL,2012,78.41186
Poland,POL,2013,77.16739
Poland,POL,2014,76.15128
Poland,POL,2015,72.22041
Poland,POL,2016,69.734886
Poland,POL,2017,67.02609
Poland,POL,2018,61.760445
Poland,POL,2019,53.911392
Poland,POL,2020,51.050533
Poland,POL,2021,46.103333
Portugal,PRT,2003,72.91395
Portugal,PRT,2004,71.43206
Portugal,PRT,2005,72.23522
Portugal,PRT,2006,69.55856
Portugal,PRT,2007,69.32107
Portugal,PRT,2008,69.70252
Portugal,PRT,2009,66.56892
Portugal,PRT,2010,68.710205
Portugal,PRT,2011,71.89064
Portugal,PRT,2012,74.25075
Portugal,PRT,2013,73.316605
Portugal,PRT,2014,73.02011
Portugal,PRT,2015,69.88853
Portugal,PRT,2016,69.0318
Portugal,PRT,2017,68.087906
Portugal,PRT,2018,64.294586
Portugal,PRT,2019,59.68572
Portugal,PRT,2020,57.650978
Portugal,PRT,2021,59.121017
Romania,ROU,1989,95.94313
Romania,ROU,1992,99.999985
Romania,ROU,1994,99.999985
Romania,ROU,1995,99.24744
Romania,ROU,1997,99.24908
Romania,ROU,2006,97.84185
Romania,ROU,2007,97.75234
Romania,ROU,2008,97.07435
Romania,ROU,2009,97.15794
Romania,ROU,2010,97.82179
Romania,ROU,2011,98.460785
Romania,ROU,2012,98.13407
Romania,ROU,2013,98.5123
Romania,ROU,2014,98.48326
Romania,ROU,2015,97.17802
Romania,ROU,2016,96.222496
Romania,ROU,2017,90.093506
Romania,ROU,2018,85.91357
Romania,ROU,2019,83.12542
Romania,ROU,2020,76.77602
Romania,ROU,2021,71.52787
Russia,RUS,1993,94.26096
Russia,RUS,1996,94.571175
Russia,RUS,1997,96.45033
Russia,RUS,1998,97.264244
Russia,RUS,1999,98.84753
Russia,RUS,2000,98.50246
Russia,RUS,2001,97.772156
Russia,RUS,2002,97.01509
Russia,RUS,2003,94.50252
Russia,RUS,2004,93.724724
Russia,RUS,2005,91.78913
Russia,RUS,2006,89.808495
Russia,RUS,2007,86.72257
Russia,RUS,2008,84.20944
Russia,RUS,2009,85.53788
Russia,RUS,2010,83.35989
Russia,RUS,2011,82.71607
Russia,RUS,2012,81.45283
Russia,RUS,2013,80.841896
Russia,RUS,2014,81.768234
Russia,RUS,2015,83.95627
Russia,RUS,2016,84.36764
Russia,RUS,2017,84.6403
Russia,RUS,2018,85.039505
Russia,RUS,2019,83.96319
Russia,RUS,2020,86.036285
Rwanda,RWA,2000,99.83536
Rwanda,RWA,2005,99.61416
Rwanda,RWA,2010,99.72048
Rwanda,RWA,2013,99.7067
Rwanda,RWA,2016,99.80591
Rwanda (rural),,1984,99.999985
Saint Lucia,LCA,1995,99.74549
Saint Lucia,LCA,2015,84.15918
Samoa,WSM,2002,96.9298
Samoa,WSM,2008,96.285194
Samoa,WSM,2013,97.03939
Sao Tome and Principe,STP,2000,100
Sao Tome and Principe,STP,2010,100
Sao Tome and Principe,STP,2017,99.642525
Senegal,SEN,1991,99.758995
Senegal,SEN,1994,99.904236
Senegal,SEN,2001,99.82424
Senegal,SEN,2005,99.95077
Senegal,SEN,2011,99.90854
Senegal,SEN,2018,99.352325
Senegal,SEN,2021,99.554436
Serbia,SRB,2012,94.668106
Serbia,SRB,2013,96.30945
Serbia,SRB,2014,96.4339
Serbia,SRB,2015,96.196
Serbia,SRB,2016,95.79913
Serbia,SRB,2017,96.32133
Serbia,SRB,2018,94.64926
Serbia,SRB,2019,92.54961
Serbia,SRB,2020,91.9566
Serbia,SRB,2021,91.45887
Seychelles,SYC,1999,88.444046
Seychelles,SYC,2006,89.65534
Seychelles,SYC,2013,86.55839
Seychelles,SYC,2018,84.18553
Sierra Leone,SLE,1989,99.94729
Sierra Leone,SLE,2003,100
Sierra Leone,SLE,2011,99.99955
Sierra Leone,SLE,2018,99.91846
Slovakia,SVK,1992,97.74909
Slovakia,SVK,1996,95.74662
Slovakia,SVK,2004,95.08771
Slovakia,SVK,2005,92.40934
Slovakia,SVK,2006,89.41096
Slovakia,SVK,2007,87.65006
Slovakia,SVK,2008,84.42581
Slovakia,SVK,2009,80.66805
Slovakia,SVK,2010,79.36779
Slovakia,SVK,2011,76.18628
Slovakia,SVK,2012,81.497894
Slovakia,SVK,2013,80.51092
Slovakia,SVK,2014,81.60468
Slovakia,SVK,2015,80.94898
Slovakia,SVK,2016,80.04171
Slovakia,SVK,2017,76.182976
Slovakia,SVK,2018,71.65987
Slovakia,SVK,2019,71.10993
Slovakia,SVK,2020,73.11312
Slovakia,SVK,2021,73.39747
Slovenia,SVN,1987,44.81814
Slovenia,SVN,1993,85.8998
Slovenia,SVN,1997,78.74849
Slovenia,SVN,1999,78.9854
Slovenia,SVN,2004,59.492367
Slovenia,SVN,2005,56.15544
Slovenia,SVN,2006,53.45621
Slovenia,SVN,2007,48.052822
Slovenia,SVN,2008,44.6189
Slovenia,SVN,2009,45.064976
Slovenia,SVN,2010,44.48323
Slovenia,SVN,2011,45.176727
Slovenia,SVN,2012,49.61651
Slovenia,SVN,2013,50.614174
Slovenia,SVN,2014,48.15889
Slovenia,SVN,2015,47.16845
Slovenia,SVN,2016,43.81237
Slovenia,SVN,2017,41.124596
Slovenia,SVN,2018,36.485435
Slovenia,SVN,2019,34.80705
Slovenia,SVN,2020,29.88911
Slovenia,SVN,2021,25.369776
Solomon Islands,SLB,2005,99.78141
Solomon Islands,SLB,2012,99.830215
South Africa,ZAF,1993,95.8103
South Africa,ZAF,2000,97.085556
South Africa,ZAF,2005,92.93159
South Africa,ZAF,2008,90.60576
South Africa,ZAF,2010,89.92218
South Africa,ZAF,2014,90.76664
South Asia (PIP),,1990,99.95372
South Asia (PIP),,1991,99.95121
South Asia (PIP),,1992,99.94978
South Asia (PIP),,1993,99.948616
South Asia (PIP),,1994,99.94532
South Asia (PIP),,1995,99.939514
South Asia (PIP),,1996,99.934296
South Asia (PIP),,2002,99.89865
South Asia (PIP),,2003,99.88623
South Asia (PIP),,2004,99.87717
South Asia (PIP),,2005,99.86546
South Asia (PIP),,2006,99.85475
South Asia (PIP),,2007,99.85371
South Asia (PIP),,2008,99.85566
South Asia (PIP),,2009,99.85578
South Asia (PIP),,2010,99.82761
South Asia (PIP),,2011,99.77772
South Asia (PIP),,2012,99.76153
South Asia (PIP),,2013,99.77285
South Asia (PIP),,2014,99.785995
South Asia (PIP),,2015,99.79052
South Asia (PIP),,2016,99.776085
South Asia (PIP),,2017,99.72959
South Asia (PIP),,2018,99.77145
South Asia (PIP),,2019,99.85675
South Asia (PIP),,2020,99.89892
South Asia (PIP),,2021,99.899826
South Asia (PIP),,2022,99.89775
South Korea,KOR,2006,47.743423
South Korea,KOR,2008,46.496075
South Korea,KOR,2010,45.498447
South Korea,KOR,2012,40.748665
South Korea,KOR,2014,36.493195
South Korea,KOR,2016,34.74692
South Sudan,SSD,2009,99.917435
South Sudan,SSD,2016,99.97037
Spain,ESP,1980,87.99981
Spain,ESP,1985,88.975815
Spain,ESP,1990,79.74911
Spain,ESP,1993,72.4988
Spain,ESP,1994,72.73068
Spain,ESP,1995,73.99066
Spain,ESP,1996,72.18818
Spain,ESP,1997,70.242874
Spain,ESP,1998,65.24608
Spain,ESP,1999,62.744736
Spain,ESP,2000,58.49694
Spain,ESP,2003,53.665466
Spain,ESP,2004,54.416977
Spain,ESP,2005,51.373344
Spain,ESP,2006,51.82918
Spain,ESP,2007,41.051613
Spain,ESP,2008,39.77304
Spain,ESP,2009,40.24257
Spain,ESP,2010,44.144142
Spain,ESP,2011,46.209217
Spain,ESP,2012,48.85481
Spain,ESP,2013,50.974922
Spain,ESP,2014,50.57224
Spain,ESP,2015,48.633465
Spain,ESP,2016,45.918427
Spain,ESP,2017,45.02225
Spain,ESP,2018,44.661205
Spain,ESP,2019,41.084663
Spain,ESP,2020,41.590317
Spain,ESP,2021,39.908928
Sri Lanka,LKA,1985,99.9228
Sri Lanka,LKA,1990,99.72441
Sri Lanka,LKA,1995,99.660866
Sri Lanka,LKA,2002,99.11068
Sri Lanka,LKA,2006,98.84913
Sri Lanka,LKA,2009,99.06733
Sri Lanka,LKA,2012,98.41963
Sri Lanka,LKA,2016,97.69105
Sri Lanka,LKA,2019,97.74319
Sub-Saharan Africa (PIP),,1990,99.44759
Sub-Saharan Africa (PIP),,1991,99.46683
Sub-Saharan Africa (PIP),,1992,99.49443
Sub-Saharan Africa (PIP),,1993,99.51241
Sub-Saharan Africa (PIP),,1994,99.50381
Sub-Saharan Africa (PIP),,1995,99.47605
Sub-Saharan Africa (PIP),,1996,99.46365
Sub-Saharan Africa (PIP),,1997,99.48432
Sub-Saharan Africa (PIP),,1998,99.51982
Sub-Saharan Africa (PIP),,1999,99.55463
Sub-Saharan Africa (PIP),,2000,99.578285
Sub-Saharan Africa (PIP),,2001,99.592064
Sub-Saharan Africa (PIP),,2002,99.55585
Sub-Saharan Africa (PIP),,2003,99.534676
Sub-Saharan Africa (PIP),,2004,99.45001
Sub-Saharan Africa (PIP),,2005,99.3743
Sub-Saharan Africa (PIP),,2006,99.26562
Sub-Saharan Africa (PIP),,2007,99.26451
Sub-Saharan Africa (PIP),,2008,99.2543
Sub-Saharan Africa (PIP),,2009,99.26672
Sub-Saharan Africa (PIP),,2010,99.22584
Sub-Saharan Africa (PIP),,2011,99.23057
Sub-Saharan Africa (PIP),,2012,99.239174
Sub-Saharan Africa (PIP),,2013,99.252365
Sub-Saharan Africa (PIP),,2014,99.264366
Sub-Saharan Africa (PIP),,2015,99.2768
Sub-Saharan Africa (PIP),,2016,99.284935
Sub-Saharan Africa (PIP),,2017,99.28563
Sub-Saharan Africa (PIP),,2018,99.26963
Sub-Saharan Africa (PIP),,2019,99.27424
Sudan,SDN,2009,99.88713
Sudan,SDN,2014,99.70802
Suriname,SUR,2022,95.946976
Suriname (urban),,1999,96.162926
Sweden,SWE,1975,65.73628
Sweden,SWE,1981,59.47926
Sweden,SWE,1987,55.49098
Sweden,SWE,1992,40.498558
Sweden,SWE,1995,44.49684
Sweden,SWE,2000,34.24716
Sweden,SWE,2001,30.74902
Sweden,SWE,2002,28.49063
Sweden,SWE,2003,33.487362
Sweden,SWE,2004,33.125713
Sweden,SWE,2005,31.46058
Sweden,SWE,2006,27.463066
Sweden,SWE,2007,23.310654
Sweden,SWE,2008,22.199074
Sweden,SWE,2009,21.73095
Sweden,SWE,2010,21.002024
Sweden,SWE,2011,20.041258
Sweden,SWE,2012,18.746897
Sweden,SWE,2013,19.015339
Sweden,SWE,2014,17.380684
Sweden,SWE,2015,16.45632
Sweden,SWE,2016,17.035288
Sweden,SWE,2017,15.96005
Sweden,SWE,2018,16.624979
Sweden,SWE,2019,15.465975
Sweden,SWE,2020,14.56017
Sweden,SWE,2021,15.648982
Switzerland,CHE,1982,15.744926
Switzerland,CHE,1992,16.241001
Switzerland,CHE,2000,16.202002
Switzerland,CHE,2002,14.2390175
Switzerland,CHE,2006,15.776089
Switzerland,CHE,2007,15.176458
Switzerland,CHE,2008,14.516987
Switzerland,CHE,2009,13.422786
Switzerland,CHE,2010,13.366239
Switzerland,CHE,2011,12.076313
Switzerland,CHE,2012,10.570535
Switzerland,CHE,2013,11.830758
Switzerland,CHE,2014,11.55958
Switzerland,CHE,2015,11.852764
Switzerland,CHE,2016,11.701241
Switzerland,CHE,2017,11.53197
Switzerland,CHE,2018,12.513715
Switzerland,CHE,2019,11.795199
Switzerland,CHE,2020,10.746678
Syria,SYR,1996,99.1303
Syria,SYR,2003,97.87993
Syria,SYR,2006,97.28719
Syria,SYR,2009,97.36011
Syria,SYR,2022,100
Taiwan,TWN,1981,92.24786
Taiwan,TWN,1986,83.746765
Taiwan,TWN,1991,49.999992
Taiwan,TWN,1995,38.494755
Taiwan,TWN,1997,34.49525
Taiwan,TWN,2000,30.495075
Taiwan,TWN,2005,32.245056
Taiwan,TWN,2007,35.999584
Taiwan,TWN,2010,41.489964
Taiwan,TWN,2013,39.99146
Taiwan,TWN,2016,33.74987
Taiwan,TWN,2017,31.498941
Taiwan,TWN,2018,31.498476
Taiwan,TWN,2019,28.999542
Taiwan,TWN,2020,25.749516
Taiwan,TWN,2021,26.745022
Tajikistan,TJK,1999,100
Tajikistan,TJK,2003,100
Tajikistan,TJK,2004,99.912224
Tajikistan,TJK,2007,99.64914
Tajikistan,TJK,2009,99.74607
Tajikistan,TJK,2015,99.429535
Tanzania,TZA,1991,99.996185
Tanzania,TZA,2000,99.99709
Tanzania,TZA,2007,99.94356
Tanzania,TZA,2011,99.91936
Tanzania,TZA,2018,99.83423
Thailand,THA,1981,98.78828
Thailand,THA,1988,98.71542
Thailand,THA,1990,98.26443
Thailand,THA,1992,97.033516
Thailand,THA,1994,97.43335
Thailand,THA,1996,97.038376
Thailand,THA,1998,97.18979
Thailand,THA,1999,97.0625
Thailand,THA,2000,97.55996
Thailand,THA,2002,96.72855
Thailand,THA,2004,95.62609
Thailand,THA,2006,94.318275
Thailand,THA,2007,94.728676
Thailand,THA,2008,94.05217
Thailand,THA,2009,93.78852
Thailand,THA,2010,93.12161
Thailand,THA,2011,93.76112
Thailand,THA,2012,91.825485
Thailand,THA,2013,91.70362
Thailand,THA,2014,91.90894
Thailand,THA,2015,91.48058
Thailand,THA,2016,90.9874
Thailand,THA,2017,90.83205
Thailand,THA,2018,90.761894
Thailand,THA,2019,91.38145
Thailand,THA,2020,90.73578
Thailand,THA,2021,90.52493
Togo,TGO,2006,99.98954
Togo,TGO,2011,99.91096
Togo,TGO,2015,99.93601
Togo,TGO,2018,99.5753
Togo,TGO,2021,99.75468
Tonga,TON,2000,97.11972
Tonga,TON,2009,97.284546
Tonga,TON,2015,98.81683
Tonga,TON,2021,98.78172
Trinidad and Tobago,TTO,1988,90.428154
Trinidad and Tobago,TTO,1992,97.12802
Tunisia,TUN,1985,98.90817
Tunisia,TUN,1990,99.1906
Tunisia,TUN,1995,98.845985
Tunisia,TUN,2000,98.260345
Tunisia,TUN,2005,98.43989
Tunisia,TUN,2010,97.94677
Tunisia,TUN,2015,97.35387
Tunisia,TUN,2021,97.06683
Turkey,TUR,1987,97.23232
Turkey,TUR,1994,96.983215
Turkey,TUR,2002,96.29021
Turkey,TUR,2003,96.36139
Turkey,TUR,2004,94.86505
Turkey,TUR,2005,93.77982
Turkey,TUR,2006,93.96017
Turkey,TUR,2007,93.37161
Turkey,TUR,2008,92.07655
Turkey,TUR,2009,91.63991
Turkey,TUR,2010,91.61595
Turkey,TUR,2011,88.9945
Turkey,TUR,2012,88.14753
Turkey,TUR,2013,87.273476
Turkey,TUR,2014,86.11503
Turkey,TUR,2015,86.49034
Turkey,TUR,2016,84.47615
Turkey,TUR,2017,82.38144
Turkey,TUR,2018,80.77377
Turkey,TUR,2019,80.598495
Turkey,TUR,2020,79.64667
Turkey,TUR,2021,77.399666
Turkmenistan,TKM,1998,99.851585
Tuvalu,TUV,2010,98.35487
Uganda,UGA,1989,99.999985
Uganda,UGA,1992,99.884796
Uganda,UGA,1996,99.96728
Uganda,UGA,1999,99.95472
Uganda,UGA,2002,99.825516
Uganda,UGA,2005,99.85069
Uganda,UGA,2009,99.57177
Uganda,UGA,2012,99.81692
Uganda,UGA,2016,99.80274
Uganda,UGA,2019,99.78424
Ukraine,UKR,1992,99.67972
Ukraine,UKR,1993,99.66738
Ukraine,UKR,1995,98.349846
Ukraine,UKR,1996,99.320335
Ukraine,UKR,2002,99.74935
Ukraine,UKR,2003,99.47945
Ukraine,UKR,2004,99.306015
Ukraine,UKR,2005,98.75097
Ukraine,UKR,2006,98.08658
Ukraine,UKR,2007,98.84574
Ukraine,UKR,2008,97.96884
Ukraine,UKR,2009,98.812164
Ukraine,UKR,2010,98.36821
Ukraine,UKR,2011,98.24314
Ukraine,UKR,2012,97.87586
Ukraine,UKR,2013,97.15262
Ukraine,UKR,2014,98.043236
Ukraine,UKR,2015,98.2083
Ukraine,UKR,2016,98.37619
Ukraine,UKR,2017,97.33074
Ukraine,UKR,2018,96.64315
Ukraine,UKR,2019,95.06982
Ukraine,UKR,2020,96.03853
United Arab Emirates,ARE,2013,15.441953
United Kingdom,GBR,1968,89.49646
United Kingdom,GBR,1969,88.74952
United Kingdom,GBR,1970,87.49781
United Kingdom,GBR,1971,86.995674
United Kingdom,GBR,1972,84.986916
United Kingdom,GBR,1973,81.495674
United Kingdom,GBR,1974,81.99059
United Kingdom,GBR,1975,83.49114
United Kingdom,GBR,1976,84.48684
United Kingdom,GBR,1977,85.99285
United Kingdom,GBR,1978,81.98231
United Kingdom,GBR,1979,80.24477
United Kingdom,GBR,1980,79.73655
United Kingdom,GBR,1981,79.74056
United Kingdom,GBR,1982,74.989716
United Kingdom,GBR,1983,76.99578
United Kingdom,GBR,1984,75.48559
United Kingdom,GBR,1985,72.49595
United Kingdom,GBR,1986,69.24617
United Kingdom,GBR,1987,66.23465
United Kingdom,GBR,1988,62.242085
United Kingdom,GBR,1989,59.729122
United Kingdom,GBR,1990,57.74871
United Kingdom,GBR,1991,56.743195
United Kingdom,GBR,1992,59.241722
United Kingdom,GBR,1993,59.498642
United Kingdom,GBR,1994,54.74733
United Kingdom,GBR,1995,54.245007
United Kingdom,GBR,1996,51.49765
United Kingdom,GBR,1997,49.248604
United Kingdom,GBR,1998,46.9931
United Kingdom,GBR,1999,45.49916
United Kingdom,GBR,2000,41.745613
United Kingdom,GBR,2001,38.998096
United Kingdom,GBR,2002,38.249035
United Kingdom,GBR,2003,37.24806
United Kingdom,GBR,2004,34.996494
United Kingdom,GBR,2005,34.247555
United Kingdom,GBR,2006,33.495544
United Kingdom,GBR,2007,32.48528
United Kingdom,GBR,2008,32.24736
United Kingdom,GBR,2009,32.496273
United Kingdom,GBR,2010,32.49775
United Kingdom,GBR,2011,33.74817
United Kingdom,GBR,2012,33.246197
United Kingdom,GBR,2013,33.24779
United Kingdom,GBR,2014,31.498278
United Kingdom,GBR,2015,30.746464
United Kingdom,GBR,2016,29.997551
United Kingdom,GBR,2017,29.745289
United Kingdom,GBR,2018,29.999355
United Kingdom,GBR,2019,27.99859
United Kingdom,GBR,2020,28.249275
United Kingdom,GBR,2021,27.497837
United States,USA,1963,57.248013
United States,USA,1964,54.24969
United States,USA,1965,50.496185
United States,USA,1966,49.998463
United States,USA,1967,46.24987
United States,USA,1968,42.999836
United States,USA,1969,41.499664
United States,USA,1970,41.499886
United States,USA,1971,40.248203
United States,USA,1972,35.74963
United States,USA,1973,34.24722
United States,USA,1974,35.74963
United States,USA,1975,35.244705
United States,USA,1976,33.74871
United States,USA,1977,33.249844
United States,USA,1978,32.497356
United States,USA,1979,30.999582
United States,USA,1980,33.997414
United States,USA,1981,35.747482
United States,USA,1982,35.99993
United States,USA,1983,34.99703
United States,USA,1984,33.248676
United States,USA,1985,32.49946
United States,USA,1986,30.999956
United States,USA,1987,29.248528
United States,USA,1988,29.49464
United States,USA,1989,29.24925
United States,USA,1990,30.499681
United States,USA,1991,30.498383
United States,USA,1992,30.999426
United States,USA,1993,31.998236
United States,USA,1994,30.499435
United States,USA,1995,29.74819
United States,USA,1996,29.745409
United States,USA,1997,28.495989
United States,USA,1998,26.499138
United States,USA,1999,25.998983
United States,USA,2000,24.99877
United States,USA,2001,25.499847
United States,USA,2002,25.499847
United States,USA,2003,25.24935
United States,USA,2004,24.499914
United States,USA,2005,24.499622
United States,USA,2006,24.248419
United States,USA,2007,23.998262
United States,USA,2008,25.248571
United States,USA,2009,24.497791
United States,USA,2010,25.499216
United States,USA,2011,25.998333
United States,USA,2012,25.998121
United States,USA,2013,25.997475
United States,USA,2014,25.999454
United States,USA,2015,24.247732
United States,USA,2016,22.498848
United States,USA,2017,22.498093
United States,USA,2018,20.499836
United States,USA,2019,18.499413
United States,USA,2020,15.493348
United States,USA,2021,14.749572
Uruguay,URY,2006,86.20379
Uruguay,URY,2007,84.05886
Uruguay,URY,2008,81.324356
Uruguay,URY,2009,79.05376
Uruguay,URY,2010,78.71829
Uruguay,URY,2011,75.483536
Uruguay,URY,2012,74.42743
Uruguay,URY,2013,73.36632
Uruguay,URY,2014,70.60097
Uruguay,URY,2015,69.85992
Uruguay,URY,2016,71.01689
Uruguay,URY,2017,69.36595
Uruguay,URY,2018,69.902405
Uruguay,URY,2019,70.72154
Uruguay,URY,2020,74.39044
Uruguay,URY,2021,74.54386
Uruguay,URY,2022,73.255905
Uruguay (urban),,1981,85.432175
Uruguay (urban),,1989,83.78657
Uruguay (urban),,1992,81.3303
Uruguay (urban),,1995,80.15548
Uruguay (urban),,1996,81.08748
Uruguay (urban),,1997,81.31947
Uruguay (urban),,1998,78.57208
Uruguay (urban),,2000,80.021736
Uruguay (urban),,2001,79.601875
Uruguay (urban),,2002,83.299385
Uruguay (urban),,2003,88.08974
Uruguay (urban),,2004,87.892654
Uruguay (urban),,2005,86.9883
Uzbekistan,UZB,1998,99.86026
Uzbekistan,UZB,2000,99.96383
Uzbekistan,UZB,2002,99.966194
Uzbekistan,UZB,2003,99.97492
Uzbekistan,UZB,2022,88.63125
Vanuatu,VUT,2010,99.58069
Vanuatu,VUT,2019,99.87728
Venezuela,VEN,1981,88.94037
Venezuela,VEN,1987,90.13684
Venezuela,VEN,1989,94.22512
Venezuela,VEN,1992,95.10531
Venezuela,VEN,1995,96.77438
Venezuela,VEN,1998,95.89798
Venezuela,VEN,1999,96.7821
Venezuela,VEN,2001,96.53515
Venezuela,VEN,2002,97.776665
Venezuela,VEN,2003,98.68054
Venezuela,VEN,2004,98.14105
Venezuela,VEN,2005,96.86104
Venezuela,VEN,2006,95.463875
Vietnam,VNM,1992,99.99161
Vietnam,VNM,1997,99.94173
Vietnam,VNM,2002,99.95747
Vietnam,VNM,2004,99.96919
Vietnam,VNM,2006,99.91409
Vietnam,VNM,2008,99.86478
Vietnam,VNM,2010,98.35396
Vietnam,VNM,2012,98.728546
Vietnam,VNM,2014,98.645164
Vietnam,VNM,2016,97.97328
Vietnam,VNM,2018,96.79471
Vietnam,VNM,2020,95.462875
Vietnam,VNM,2022,96.83958
Western and Central Africa (PIP),,1990,99.92323
Western and Central Africa (PIP),,1991,99.93116
Western and Central Africa (PIP),,1992,99.93394
Western and Central Africa (PIP),,1993,99.89936
Western and Central Africa (PIP),,1994,99.85222
Western and Central Africa (PIP),,1995,99.805626
Western and Central Africa (PIP),,1996,99.77187
Western and Central Africa (PIP),,1997,99.779274
Western and Central Africa (PIP),,1998,99.79862
Western and Central Africa (PIP),,1999,99.80895
Western and Central Africa (PIP),,2001,99.83704
Western and Central Africa (PIP),,2002,99.852875
Western and Central Africa (PIP),,2003,99.87379
Western and Central Africa (PIP),,2004,99.884796
Western and Central Africa (PIP),,2005,99.88726
Western and Central Africa (PIP),,2006,99.88359
Western and Central Africa (PIP),,2008,99.87641
Western and Central Africa (PIP),,2009,99.877464
Western and Central Africa (PIP),,2010,99.86552
Western and Central Africa (PIP),,2011,99.87109
Western and Central Africa (PIP),,2012,99.85373
Western and Central Africa (PIP),,2013,99.83814
Western and Central Africa (PIP),,2014,99.82502
Western and Central Africa (PIP),,2015,99.822845
Western and Central Africa (PIP),,2016,99.812386
Western and Central Africa (PIP),,2017,99.78165
Western and Central Africa (PIP),,2018,99.761185
Western and Central Africa (PIP),,2019,99.750725
World,OWID_WRL,1990,89.90101
World,OWID_WRL,1991,89.89294
World,OWID_WRL,1992,89.95108
World,OWID_WRL,1993,90.05653
World,OWID_WRL,1994,89.84617
World,OWID_WRL,1995,89.63963
World,OWID_WRL,1996,89.56667
World,OWID_WRL,1997,89.479
World,OWID_WRL,1998,89.3156
World,OWID_WRL,1999,89.26393
World,OWID_WRL,2000,88.966736
World,OWID_WRL,2001,88.89088
World,OWID_WRL,2002,88.740234
World,OWID_WRL,2003,88.574234
World,OWID_WRL,2004,88.36346
World,OWID_WRL,2005,88.18954
World,OWID_WRL,2006,87.92612
World,OWID_WRL,2007,87.47026
World,OWID_WRL,2008,87.40713
World,OWID_WRL,2009,87.29731
World,OWID_WRL,2010,87.100945
World,OWID_WRL,2011,87.14435
World,OWID_WRL,2012,87.062004
World,OWID_WRL,2013,86.934235
World,OWID_WRL,2014,86.77991
World,OWID_WRL,2015,86.57064
World,OWID_WRL,2016,86.25979
World,OWID_WRL,2017,86.0237
World,OWID_WRL,2018,85.69439
World,OWID_WRL,2019,85.37245
World,OWID_WRL,2020,85.58678
World,OWID_WRL,2021,85.16322
World,OWID_WRL,2022,84.72425
World (excluding China),,1990,87.14973
World (excluding China),,1991,87.14939
World (excluding China),,1992,87.236
World (excluding China),,1993,87.3832
World (excluding China),,1994,87.130356
World (excluding China),,1995,86.88086
World (excluding China),,1996,86.801544
World (excluding China),,1997,86.706505
World (excluding China),,1998,86.51708
World (excluding China),,1999,86.47084
World (excluding China),,2000,86.1297
World (excluding China),,2001,86.07436
World (excluding China),,2002,85.93365
World (excluding China),,2003,85.758
World (excluding China),,2004,85.532295
World (excluding China),,2005,85.36028
World (excluding China),,2006,85.0981
World (excluding China),,2007,84.61208
World (excluding China),,2008,84.61363
World (excluding China),,2009,84.56086
World (excluding China),,2010,84.4246
World (excluding China),,2011,84.549805
World (excluding China),,2012,84.56933
World (excluding China),,2013,84.571144
World (excluding China),,2014,84.51778
World (excluding China),,2015,84.40278
World (excluding China),,2016,84.20861
World (excluding China),,2017,84.12186
World (excluding China),,2018,83.927
World (excluding China),,2019,83.725174
World (excluding China),,2020,83.730606
World (excluding China),,2021,83.53106
World (excluding China),,2022,83.03778
World (excluding India),,1990,87.92402
World (excluding India),,1991,87.903946
World (excluding India),,1992,87.962654
World (excluding India),,1993,88.07764
World (excluding India),,1994,87.813286
World (excluding India),,1995,87.553314
World (excluding India),,1996,87.4541
World (excluding India),,1997,87.33748
World (excluding India),,1998,87.129005
World (excluding India),,1999,87.056015
World (excluding India),,2000,86.68524
World (excluding India),,2001,86.5813
World (excluding India),,2002,86.38729
World (excluding India),,2003,86.175354
World (excluding India),,2004,85.90917
World (excluding India),,2005,85.68916
World (excluding India),,2006,85.36233
World (excluding India),,2007,84.80228
World (excluding India),,2008,84.71973
World (excluding India),,2009,84.58115
World (excluding India),,2010,84.34518
World (excluding India),,2011,84.404755
World (excluding India),,2012,84.30414
World (excluding India),,2013,84.141815
World (excluding India),,2014,83.94617
World (excluding India),,2015,83.685005
World (excluding India),,2016,83.30777
World (excluding India),,2017,83.0342
World (excluding India),,2018,82.62215
World (excluding India),,2019,82.20898
World (excluding India),,2020,82.460396
World (excluding India),,2021,81.94508
World (excluding India),,2022,81.41462
Yemen,YEM,1998,99.654305
Yemen,YEM,2005,99.59234
Yemen,YEM,2014,99.730194
Zambia,ZMB,1991,99.642235
Zambia,ZMB,1993,99.884026
Zambia,ZMB,1996,99.618355
Zambia,ZMB,1998,99.52353
Zambia,ZMB,2002,99.81626
Zambia,ZMB,2004,99.63778
Zambia,ZMB,2006,99.711044
Zambia,ZMB,2010,99.815
Zambia,ZMB,2015,99.586624
Zambia,ZMB,2022,99.85475
Zimbabwe,ZWE,2011,99.22364
Zimbabwe,ZWE,2017,99.518875
Zimbabwe,ZWE,2019,99.04897
